ID,ยาสีฟันกลิสเทอร์,ลูกกลิ้งระงับกลิ่นเหงื,ออลแพลนท์โปรตีน450กรัม,นิวทริไลท์น้ำมันปลา,ผลิตภัณฑ์ทําความสะอาดLO,นิวทริไลท์การ์ลิค(กระ,น้ำยาล้างจานดิชดรอปส,ยาสีฟันกลิสเทอร์ขนาดพก,ยาสีฟันกลิสเทอร์ไวท์,นิวทริไลท์ออลแพลนท์,นิวทริไลท์กรีนทีโปรตีน,เครื่องดื่มXS:แครนเบอร,เครื่องดื่มXS:ทรอปิคอล,ไฟโตพาวเดอร์อะเซโรล่า,นิวทริไลท์ไฟโตเบลนด์
A1012689,0,1,0,0,0,0,0,0,0,0,0,0,0,0,0
A1048433,0,0,0,0,0,0,0,0,0,0,0,0,0,0,0
A1052660,0,0,0,0,0,0,0,0,0,0,0,0,0,0,0
A1067336,0,0,0,0,0,0,0,1,1,0,0,0,0,0,0
A1069548,0,0,1,0,0,0,0,0,0,1,0,0,0,0,0
A1080503,1,0,0,0,0,0,0,0,0,0,0,0,0,0,0
A1081679,0,0,0,0,0,0,0,0,0,0,0,0,0,0,0
A1086112,0,0,0,1,0,0,0,0,0,0,0,0,0,0,0
A1100371,0,0,0,0,0,0,0,0,0,0,0,0,0,0,0
A1104381,1,1,0,0,0,0,0,0,0,0,0,0,1,0,0
A1114225,1,0,0,0,0,0,0,0,0,0,0,0,0,0,0
A1121830,0,0,1,0,0,0,0,0,0,1,0,1,1,0,0
A1129372,1,1,0,0,0,0,0,0,0,0,0,0,0,0,1
A1131107,0,0,0,0,0,0,0,0,0,0,0,0,0,0,0
A1156106,0,0,0,0,0,0,0,0,0,0,0,0,0,0,0
A1156107,1,0,0,0,0,0,0,0,0,0,0,0,0,0,0
A1161324,0,1,0,0,0,0,0,0,0,0,0,0,0,0,0
A1165761,0,0,0,0,0,0,0,0,1,0,0,0,0,0,0
A1169908,0,0,0,0,0,0,0,0,1,0,0,0,0,0,0
A1169914,0,0,0,0,0,0,0,1,0,0,0,0,0,0,0
A1175165,1,0,0,0,0,0,0,0,0,0,0,0,0,0,0
A1183544,0,0,0,0,0,0,0,0,0,1,0,1,0,0,1
A1183544,1,0,0,1,0,0,0,0,0,1,0,0,0,1,1
A1189247,0,1,0,0,1,0,0,1,1,0,0,0,1,0,0
A1189247,1,1,0,0,0,0,0,0,0,0,0,0,0,0,0
A1190505,0,0,0,0,0,1,0,0,0,0,1,0,0,0,0
A1190878,1,0,0,1,1,1,1,0,0,0,0,0,0,0,0
A1200375,0,0,0,1,0,0,0,0,0,1,0,0,0,1,0
A1202771,0,0,0,0,0,0,0,1,0,0,0,0,0,0,0
A1206883,0,0,0,0,0,0,0,0,0,0,0,0,0,0,0
A1207352,0,0,0,0,0,0,0,0,0,0,0,0,0,0,0
A1210100,0,0,1,0,0,0,0,0,0,0,0,0,0,0,0
A1210101,0,1,0,0,0,0,0,0,0,0,0,0,0,0,0
A1247637,0,0,1,0,0,0,0,0,0,0,1,0,0,0,0
A1258281,0,0,0,0,0,0,0,0,0,0,0,0,0,0,0
A1258469,0,0,0,0,0,0,0,0,0,0,0,0,0,0,0
A1261144,0,0,0,1,0,0,0,1,0,0,0,0,0,0,0
A1265780,0,0,1,0,0,0,1,0,1,0,0,0,0,0,0
A1270512,0,0,1,0,0,0,0,0,0,0,0,0,0,0,0
A1277070,1,1,0,0,0,0,0,0,0,0,0,0,0,0,0
A1280609,1,1,0,1,0,1,0,1,0,0,0,0,0,1,1
A1287849,0,0,0,0,0,0,0,0,0,0,0,0,0,0,0
A1287914,0,0,0,0,0,0,0,0,1,0,0,0,0,0,0
A1290906,0,0,0,0,0,0,0,0,0,0,0,0,0,0,0
A1292423,0,1,0,0,0,0,0,0,0,0,0,0,0,0,0
A1298878,0,0,0,0,0,0,0,0,0,0,0,1,1,0,0
A1299437,0,0,0,0,0,0,0,0,0,0,0,0,0,0,0
A1301114,0,0,0,0,0,0,0,0,0,0,0,0,0,0,0
A1301680,0,0,0,0,1,0,1,0,0,0,0,0,0,0,0
A1319003,0,1,0,0,0,0,0,0,0,0,0,0,0,0,0
A1326753,0,0,1,0,0,0,0,0,0,0,1,0,0,0,0
A1329834,0,0,0,0,0,0,0,0,0,0,0,0,0,0,0
A1340539,0,0,1,1,1,0,0,0,0,0,0,0,0,1,0
A1341164,0,0,0,0,0,0,0,0,0,0,0,0,0,0,0
A1366355,0,0,0,0,0,0,0,0,0,0,0,0,0,0,0
A1367221,0,1,0,0,0,0,0,0,1,0,0,0,0,0,0
A1382339,1,0,1,0,0,0,0,1,1,0,1,0,0,0,0
A1386480,0,0,0,0,0,0,0,0,0,1,0,0,0,0,0
A1388343,0,0,0,0,0,0,0,0,0,0,0,0,0,0,0
A1389884,0,0,0,0,0,0,0,0,0,0,0,0,0,0,0
A1392896,0,0,1,0,0,0,0,0,0,0,0,0,0,0,0
A1393126,1,1,0,0,0,0,0,0,0,1,0,0,0,0,0
A1396254,1,0,0,0,0,0,0,0,0,0,0,0,1,0,0
A1403809,1,0,0,0,0,0,0,0,0,0,0,0,0,0,0
A1403820,0,0,0,0,0,1,1,0,0,0,0,0,0,0,0
A1403822,0,0,0,1,0,1,0,0,0,0,0,0,0,0,0
A1404443,0,0,0,0,0,0,0,0,0,0,0,0,0,0,0
A1405271,0,0,0,0,0,0,0,0,0,0,0,0,0,0,0
A1410924,0,1,0,0,0,0,0,0,0,0,1,0,0,0,0
A1413324,0,0,0,0,0,0,0,0,0,0,0,0,0,0,0
A1426066,0,0,0,0,0,0,0,0,0,0,0,0,0,0,0
A1433497,0,0,0,0,0,0,0,0,0,0,0,0,0,0,0
A1434267,0,0,0,0,1,0,0,0,0,0,0,0,0,0,0
A1435768,0,0,1,0,0,0,0,0,0,0,0,1,1,0,0
A1437373,0,0,0,0,1,0,0,1,0,0,0,0,0,0,0
A1438981,1,0,0,0,0,0,0,1,0,0,0,0,0,0,0
A1439365,0,0,0,0,0,0,0,0,0,0,0,0,0,0,0
A1440740,0,1,1,0,0,0,1,0,1,0,0,0,0,0,0
A1442635,0,0,0,0,0,0,0,0,0,0,0,0,0,0,0
A1446454,1,1,0,0,1,0,1,1,0,0,0,0,1,0,0
A1446467,0,1,0,1,0,0,0,0,1,0,0,0,0,0,0
A1447472,1,0,0,0,0,0,0,0,0,0,0,0,0,0,0
A1447477,0,1,0,0,0,0,1,0,0,0,0,0,0,0,0
A1448259,0,0,0,0,0,0,0,0,0,0,0,0,0,0,0
A1448265,0,1,0,0,0,0,0,0,0,0,0,0,0,0,0
A1448271,1,0,1,0,0,0,0,1,0,0,0,1,1,0,0
A1448532,1,1,0,0,0,0,0,0,0,0,0,0,0,0,0
A1448583,0,0,0,0,0,0,0,0,0,0,0,0,0,0,0
A1448588,0,0,0,0,0,0,0,0,0,0,0,0,0,0,0
A1448594,0,0,0,0,0,0,0,0,0,0,0,1,0,0,0
A1448658,1,0,1,0,0,0,0,0,0,0,0,0,0,0,0
A1449180,0,0,0,0,0,0,0,0,0,0,0,0,0,0,0
A1449904,0,1,0,0,0,0,0,0,1,0,0,0,0,0,0
A1450404,0,0,0,0,0,0,0,0,0,0,0,0,0,0,0
A1450768,0,0,0,0,0,0,0,0,0,0,0,0,0,0,0
A1451039,0,0,0,0,0,0,0,0,0,0,0,0,0,0,0
A1451390,1,1,1,0,0,0,0,0,0,0,0,0,0,0,0
A1455585,0,0,1,0,0,0,0,0,0,0,1,0,0,0,0
A1458738,0,0,0,0,0,0,0,0,0,0,0,0,0,0,0
A1459093,0,0,1,1,0,1,0,0,0,1,0,0,0,0,0
A1459250,0,0,0,0,0,0,0,0,0,0,0,0,0,0,0
A1459251,0,0,0,0,0,0,0,0,0,0,0,0,0,0,0
A1461145,0,0,0,0,0,0,0,0,0,0,0,0,0,0,0
A1461928,0,0,1,0,0,1,0,1,0,0,1,0,0,0,0
A1462539,0,0,1,0,0,0,1,0,1,0,0,0,0,1,0
A1463241,1,1,0,0,0,0,0,0,1,0,0,1,1,0,0
A1463751,0,0,0,0,0,0,0,0,0,0,0,0,0,0,0
A1464173,1,0,0,0,1,0,0,0,0,0,0,0,0,0,0
A1464801,1,0,0,0,1,1,1,0,0,0,0,1,1,0,0
A1465746,0,0,0,0,0,0,0,0,0,0,0,0,0,0,0
A1467802,0,0,0,0,0,0,0,0,0,0,0,0,0,0,0
A1468833,0,0,1,1,0,1,0,0,0,0,0,0,0,1,1
A1470453,1,0,0,0,0,0,0,0,0,0,0,0,0,0,0
A1470631,0,0,1,0,0,0,0,0,0,0,0,0,0,1,0
A1471632,0,1,0,0,0,0,0,0,0,0,0,0,0,0,0
A1472528,0,0,0,0,0,0,0,0,1,0,0,1,0,0,0
A1473910,0,0,0,0,1,0,1,0,1,0,0,0,0,0,0
A1473910,0,0,0,0,0,0,0,0,0,0,1,0,0,0,0
A1474064,0,0,0,0,0,0,1,1,0,0,0,0,0,0,0
A1474101,0,0,0,0,0,0,0,0,0,0,0,0,0,0,0
A1474406,0,0,0,0,0,0,0,0,0,0,0,0,0,0,0
A1477202,0,0,0,1,0,0,0,0,0,0,0,0,0,0,0
A1477520,0,0,0,0,0,0,0,0,0,0,0,0,0,0,0
A1479850,0,0,1,0,0,0,0,0,0,0,0,0,0,0,0
A1482665,0,0,0,1,0,0,0,0,0,0,1,0,0,0,0
A1482678,0,0,0,0,1,0,0,0,0,0,0,0,0,0,0
A1482874,0,0,0,0,0,0,0,0,0,1,0,0,0,0,0
A1483693,0,0,0,0,0,0,0,0,0,0,0,0,0,0,0
A1486126,0,0,0,0,0,0,0,0,0,0,0,0,0,0,0
A1486143,0,1,0,0,0,0,0,0,0,0,0,0,0,0,0
A1486147,0,0,0,0,1,0,0,0,0,0,0,0,0,0,0
A1490987,0,0,0,0,0,0,0,0,0,0,0,0,0,0,0
A1493827,1,1,0,0,1,1,1,1,0,0,0,1,1,0,0
A1494239,0,0,1,0,0,0,0,0,0,0,0,0,0,0,1
A1497551,0,0,0,0,0,1,0,0,0,0,0,0,0,0,0
A1499466,0,0,0,0,0,0,0,0,0,0,0,0,0,0,0
A1500323,0,0,0,0,0,0,0,0,0,0,0,0,0,0,0
A1502452,0,0,0,0,0,0,0,0,0,0,0,0,0,0,0
A1506445,0,0,0,0,0,0,0,0,0,0,0,0,0,0,0
A1509047,0,0,0,0,0,0,0,0,0,0,0,0,0,0,0
A1509971,0,0,1,0,0,0,0,0,0,1,0,0,0,1,0
A1509973,0,0,0,0,0,0,0,0,0,0,0,0,0,0,0
A1509975,0,0,0,1,0,1,0,0,0,1,1,0,0,0,1
A1511282,0,0,0,0,0,0,0,0,0,1,0,0,0,0,0
A1554677,0,0,0,0,1,0,1,0,0,0,0,0,0,0,0
A1558705,0,0,0,0,0,0,0,0,0,0,0,0,0,0,0
A1559722,0,0,0,0,0,0,0,0,0,0,0,0,0,0,0
A1566276,0,0,0,0,0,0,0,0,0,0,0,0,0,0,0
A1566279,0,0,0,0,0,0,0,0,0,0,0,0,0,0,0
A1571211,0,0,0,0,0,0,0,0,0,0,0,0,0,0,0
A1573167,1,0,1,1,1,0,0,0,0,0,0,0,0,0,0
A1576141,0,1,0,1,0,0,0,0,0,0,0,0,0,0,0
A1577820,1,1,1,0,1,0,0,0,0,0,0,0,0,1,1
A1579450,0,0,0,0,0,0,0,0,0,0,0,0,0,0,0
A1600210,0,0,0,0,0,0,0,0,0,0,0,0,0,0,0
A1601977,0,0,0,0,0,0,0,1,0,0,0,0,0,0,0
A1604607,0,0,1,0,0,0,0,0,0,0,1,0,0,0,0
A1607304,0,0,0,0,0,1,0,0,0,0,0,0,0,0,0
A1609528,0,0,0,0,0,0,0,0,0,1,0,0,0,0,0
A1609553,0,0,0,0,0,0,0,0,0,0,0,0,0,0,0
A161041,0,0,0,1,0,1,0,0,0,1,0,1,1,1,0
A1610547,0,0,0,0,0,0,0,0,0,0,0,0,0,0,0
A1610975,0,0,0,0,0,0,0,1,0,0,0,0,0,0,0
A1610982,1,0,0,0,0,0,0,1,0,0,0,0,0,0,0
A1611812,0,0,1,1,0,0,0,0,0,0,1,0,0,0,1
A1615971,0,0,0,0,1,0,1,0,0,0,0,0,0,0,0
A1616479,0,0,0,0,0,1,0,0,0,0,1,0,0,0,0
A1622479,0,0,1,0,1,0,0,0,0,0,0,0,0,1,0
A1624188,0,0,0,0,0,0,0,0,0,0,0,0,0,0,0
A1624672,0,0,0,0,0,0,0,0,0,0,0,0,0,0,0
A1626266,0,1,0,0,1,0,0,0,0,0,0,0,0,0,0
A1629893,0,1,0,0,0,0,0,1,0,0,0,0,0,0,0
A1630874,0,0,1,0,0,0,0,0,0,0,0,0,0,1,0
A1630979,0,0,0,0,0,0,0,0,0,0,0,0,0,0,0
A1631308,0,0,1,0,0,0,0,0,0,0,0,0,0,1,0
A1638879,0,0,0,0,0,0,0,0,0,0,0,0,0,0,0
A1638883,0,0,1,0,0,0,0,0,0,1,0,0,0,0,1
A1639025,0,0,0,0,0,0,0,0,0,0,0,0,0,0,0
A1640608,1,0,0,1,0,0,0,0,0,0,0,0,0,0,0
A1642335,0,0,0,0,0,0,0,0,0,0,0,0,0,0,0
A1644334,0,0,0,0,0,0,0,0,0,0,0,0,0,0,0
A1644336,0,0,0,0,0,0,0,0,0,0,0,0,0,0,0
A1646244,1,0,0,1,1,0,0,0,0,1,0,1,1,0,0
A1646244,1,0,0,1,0,0,0,0,1,1,0,1,0,0,0
A1647739,1,0,1,0,0,0,0,0,0,0,1,0,0,0,0
A1648137,0,0,0,0,0,0,0,0,0,0,0,0,0,0,0
A1648356,0,0,0,0,0,0,0,1,0,0,0,0,0,0,0
A1649979,1,0,0,0,0,0,0,0,0,1,0,0,0,0,0
A1650237,0,0,0,0,0,0,0,1,0,0,0,0,0,0,0
A1656929,1,0,0,0,1,0,0,1,0,0,0,0,0,0,0
A1664174,0,0,1,0,0,0,0,0,0,0,0,0,0,0,0
A1668190,0,0,0,0,0,0,0,0,0,0,0,0,0,0,0
A1673230,0,0,0,0,0,0,0,0,0,0,0,0,0,0,0
A1796372,0,0,0,0,1,1,0,0,0,0,0,1,0,0,0
A1867888,0,1,0,1,0,1,0,0,0,0,0,1,1,0,0
A1867888,0,0,0,1,1,0,1,0,0,0,0,0,0,0,0
A1959567,0,1,0,0,0,0,0,0,0,0,0,0,0,0,0
A1987882,0,1,0,1,0,0,0,0,0,0,0,0,0,0,0
A2004264,0,1,0,0,0,0,0,0,0,0,0,0,0,0,0
A2022421,0,0,0,0,0,0,0,0,0,0,0,0,0,1,0
A2024905,0,0,0,0,0,0,0,0,0,0,0,0,0,0,0
A2044641,0,0,1,1,0,1,1,0,1,0,0,0,0,0,1
A2050444,1,1,1,1,0,0,0,0,1,0,0,0,0,0,0
A2080084,0,0,0,1,0,0,0,1,0,0,0,0,0,0,1
A2080106,1,1,0,0,0,0,1,0,0,0,0,0,0,0,0
A2086969,0,0,0,0,0,0,0,0,0,0,0,0,0,0,0
A2103471,0,0,0,0,0,0,0,0,0,0,0,0,0,0,0
A2116552,1,0,0,1,1,0,0,0,0,0,0,0,0,0,0
A2116561,1,0,1,0,0,0,1,0,1,0,0,0,0,0,0
A2116561,0,1,0,0,0,0,0,0,0,0,0,0,0,0,0
A2125090,0,1,1,0,0,0,0,0,0,0,0,0,0,1,0
A2162674,0,0,0,1,0,0,0,0,1,0,0,0,0,0,0
A2166912,0,0,0,0,0,0,0,0,0,0,0,1,0,0,0
A2181910,0,0,0,0,1,0,0,0,0,0,0,0,0,0,0
A2188367,0,0,0,0,0,0,1,0,1,0,0,0,0,0,0
A2195063,0,0,1,0,0,0,0,0,0,0,1,0,0,0,1
A2202962,0,0,0,0,0,1,0,0,0,0,0,0,0,0,0
A2202962,0,0,0,0,0,0,0,0,0,0,0,0,0,0,0
A2207968,0,0,0,0,0,0,0,0,0,0,0,0,0,0,0
A2224944,1,0,0,1,0,1,0,0,0,0,0,0,0,0,0
A2227723,0,0,0,1,0,0,0,0,0,1,1,0,0,0,1
A2235816,0,0,1,1,0,0,0,0,0,1,1,0,0,0,1
A2235843,0,0,0,0,0,0,0,0,0,0,0,0,0,0,0
A2237281,0,0,1,0,0,0,0,0,0,0,0,0,0,1,0
A2237284,0,0,0,0,0,0,0,0,0,0,0,0,0,0,0
A2239760,0,0,0,0,1,0,0,0,1,0,0,0,0,0,0
A2247371,0,0,1,0,0,0,0,0,0,1,0,0,0,0,0
A2249279,0,1,0,0,0,0,0,1,0,0,0,0,0,0,0
A2261622,0,0,0,0,0,0,0,0,0,0,0,0,0,0,0
A2271399,0,0,0,0,0,0,0,0,0,0,0,0,0,0,0
A2288723,0,0,0,0,0,0,0,0,0,0,0,0,0,0,0
A2288724,0,0,0,1,0,0,0,0,0,0,0,0,0,0,0
A2296149,1,0,0,0,0,0,0,0,0,0,0,0,0,0,0
A2303778,0,0,0,0,0,0,0,0,0,0,0,0,0,0,0
A2316236,0,0,0,0,1,0,1,0,0,0,0,0,0,0,0
A2323437,0,0,1,0,0,0,0,1,0,0,1,0,1,0,0
A2377406,1,0,0,0,0,0,0,1,0,0,0,0,0,0,0
A2381712,0,0,0,0,1,0,0,0,0,0,0,0,0,0,0
A2382079,0,0,0,0,1,0,1,0,0,0,0,0,0,0,0
A2391153,0,0,0,0,0,0,0,0,0,0,0,0,0,0,0
A2398246,0,0,0,0,0,0,0,0,0,0,0,0,0,0,0
A2405291,0,0,0,0,0,0,0,0,0,0,0,0,0,0,0
A2421240,0,0,0,0,0,1,0,0,0,0,0,0,0,0,0
A2445801,0,0,0,0,0,0,0,0,0,0,0,0,0,0,1
A2445802,1,1,0,0,0,0,0,0,0,0,0,0,0,0,0
A2445873,0,0,1,0,0,0,0,0,0,0,0,0,0,0,0
A2466417,0,0,0,0,0,0,0,0,0,0,0,0,0,0,0
A2478472,0,0,0,0,0,0,0,0,0,0,0,0,0,0,0
A2526721,0,0,0,0,0,1,0,0,1,0,0,0,0,0,0
A2540588,0,1,0,0,0,0,0,0,0,0,0,0,0,0,0
A2545068,0,0,1,0,0,0,1,0,0,0,0,0,1,1,0
A2547963,0,0,0,0,0,0,0,0,0,0,0,0,0,0,0
A2563526,0,0,0,0,1,0,0,0,0,0,0,0,0,0,0
A2569891,0,1,1,0,0,0,0,0,0,1,1,1,0,0,0
A2569891,0,1,1,1,0,1,0,0,0,0,1,0,0,0,0
A2605795,0,0,0,0,0,0,0,0,0,0,0,0,0,0,0
A2610977,0,0,1,0,0,1,0,0,0,0,0,0,0,0,1
A2611946,0,0,1,0,0,0,0,0,0,0,0,0,0,0,0
A2626466,0,0,0,0,0,0,0,0,0,1,0,0,0,0,1
A2643372,0,0,0,0,0,0,0,0,0,0,0,0,0,0,0
A2644551,1,0,0,0,0,0,0,0,0,0,1,0,0,0,0
A2693904,0,0,0,0,0,0,0,0,0,0,0,0,0,0,0
A2720407,0,0,0,0,0,0,0,0,0,0,0,0,0,0,0
A2737095,1,1,0,0,0,0,0,0,1,0,0,0,0,0,0
A2791761,0,1,0,0,0,0,0,0,0,0,0,0,0,0,0
A2792560,0,0,1,0,0,0,1,0,0,0,0,0,0,0,0
A2807362,0,0,0,0,0,1,0,0,0,0,0,0,0,0,0
A2819848,0,1,0,0,1,1,1,0,0,0,0,0,0,0,1
A2819848,0,0,0,1,0,1,0,0,0,0,0,0,0,0,0
A2825823,0,0,1,0,0,0,0,0,0,0,0,0,0,1,0
A2857313,0,0,0,0,0,0,0,0,0,0,0,0,0,0,0
A2884157,0,0,0,1,0,0,0,0,0,0,0,0,0,0,0
A2900300,0,0,0,0,0,0,0,0,0,0,0,0,0,0,0
A2933834,0,0,0,0,0,0,0,0,0,0,0,0,0,0,0
A2939515,0,0,0,0,0,0,0,0,0,0,0,0,0,0,0
A2962047,0,0,0,0,0,0,0,0,0,0,0,0,0,0,0
A2995758,1,1,0,0,0,0,0,0,0,0,0,0,0,0,0
A2997922,0,0,1,1,0,0,0,0,0,0,0,1,1,1,0
A3013349,0,0,0,0,0,0,0,0,0,0,0,0,0,0,0
A3018716,0,0,0,0,0,0,0,0,0,0,0,0,0,0,0
A3036526,0,0,0,1,0,0,0,0,0,0,0,0,0,0,0
A3036526,0,1,0,0,0,0,0,0,0,0,0,0,0,0,0
A3036526,0,1,0,0,0,0,0,1,0,0,1,0,0,0,0
A3120454,1,0,1,0,0,0,0,1,0,0,0,0,0,0,0
A3211929,0,0,0,0,0,0,0,0,0,0,0,0,0,0,0
A3292909,1,1,0,0,0,0,0,1,0,0,0,0,0,0,0
A3311409,1,1,0,0,0,0,0,0,0,0,0,0,0,0,0
A333912,0,0,0,0,0,0,0,0,1,0,0,0,0,0,0
A3347359,1,1,1,0,1,0,1,0,0,0,0,0,0,1,0
A3365242,0,1,0,1,0,0,0,0,1,1,0,0,0,0,1
A3380133,0,0,1,0,0,0,0,0,0,0,0,0,0,0,0
A3380134,0,0,1,0,0,0,0,0,1,0,0,0,0,0,0
A3464217,1,1,0,0,0,0,0,0,1,0,0,0,0,0,0
A3464387,0,0,0,0,0,0,0,0,0,0,0,0,0,0,0
A3475383,0,0,0,0,0,0,0,0,0,0,0,0,0,0,0
A3552198,0,1,0,1,0,0,0,0,0,1,0,0,0,0,1
A3582899,0,0,0,0,0,0,0,0,0,0,0,0,0,0,0
A3584394,0,0,0,0,0,0,0,0,1,0,0,0,0,0,0
A3643452,0,0,0,0,0,0,0,0,0,0,0,0,0,0,0
A3647248,0,0,0,0,0,0,0,0,0,0,0,0,0,0,0
A3659833,1,0,0,0,0,0,0,0,0,0,0,0,0,0,0
A3753428,0,0,0,0,0,1,0,0,0,0,0,0,0,0,0
A3801224,0,0,0,0,0,1,0,0,0,0,0,0,0,0,0
A3820898,0,0,1,0,0,0,0,0,0,0,1,0,0,0,0
A3894546,0,1,0,1,1,1,1,0,0,0,0,0,0,0,0
A4000222,1,0,0,0,0,0,0,1,0,0,0,0,0,0,0
A4012759,0,0,1,0,0,0,0,0,0,0,0,0,0,1,0
A4021450,0,1,0,0,0,0,0,0,0,0,0,0,0,0,0
A4033286,0,0,0,0,0,0,0,0,0,0,1,0,0,0,0
A403798,0,0,1,0,0,0,0,0,0,1,0,0,0,0,0
A4052480,1,0,0,0,0,0,0,0,0,0,0,0,0,0,0
A4069279,0,0,1,0,0,0,0,0,0,0,0,0,0,1,0
A4072436,0,0,0,0,0,0,0,0,1,0,0,0,0,0,0
A4091888,0,0,0,0,0,0,0,0,0,0,0,1,1,0,0
A4091888,0,1,0,0,0,0,0,0,0,0,0,0,1,0,0
A4306157,0,0,0,0,0,0,0,0,1,0,0,0,0,0,0
A4313586,1,0,0,0,0,0,0,0,0,0,0,0,0,0,0
A4363384,0,0,0,0,0,0,0,0,0,0,0,0,0,0,0
A4363384,0,0,0,0,0,0,1,0,0,0,0,0,0,0,0
A4397942,0,0,1,0,0,0,0,0,0,0,0,0,0,0,0
A4482100,0,0,0,0,0,0,0,0,0,0,0,0,0,0,0
A453972,1,0,1,1,0,1,0,0,0,1,0,1,1,1,1
A453972,0,0,0,1,0,1,0,0,0,1,0,1,0,0,1
A4631821,0,0,0,0,0,0,0,0,0,0,0,0,0,0,0
A4640095,1,0,0,1,0,1,0,1,1,0,0,0,0,0,0
A4640095,1,0,0,0,0,0,0,1,0,0,0,0,0,0,0
A4640095,1,1,1,0,0,0,0,1,0,0,1,0,0,0,0
A478831,0,0,1,0,0,0,0,0,0,0,0,1,0,0,0
A478831,1,0,0,1,1,1,0,0,0,0,1,1,1,0,0
A5063821,0,0,0,0,0,0,0,0,0,0,0,0,0,1,0
A5185289,0,0,0,0,0,0,0,0,0,0,0,0,0,0,0
A5189674,0,1,0,0,0,0,0,0,0,0,0,0,0,0,0
A5230847,0,0,0,0,0,0,0,1,0,0,0,0,0,0,0
A5262471,1,0,0,0,0,0,0,0,0,0,0,0,0,0,0
A5484019,0,0,0,1,0,0,0,0,0,1,1,0,0,0,1
A5693287,1,0,0,0,0,0,0,0,0,0,0,0,0,0,0
A5759284,0,0,0,0,0,0,0,0,0,0,0,0,0,0,0
A5759285,0,0,1,0,0,0,0,0,0,0,0,0,0,1,0
A5889462,1,0,0,0,0,0,1,0,0,0,0,0,0,0,0
A6021405,0,0,0,0,0,0,0,0,0,0,0,0,0,0,0
A6047803,0,0,0,0,0,0,0,0,0,0,0,0,0,0,0
A6053175,1,1,0,0,0,0,0,0,0,0,0,0,0,0,0
A6061261,0,1,0,0,1,0,1,0,0,0,0,0,0,0,0
A6081237,1,1,0,0,0,0,0,0,0,0,1,0,0,1,0
A6082688,0,0,0,0,0,0,0,0,1,0,0,0,0,0,0
A6083357,0,0,0,0,0,0,0,0,0,0,0,0,0,0,0
A6114618,1,0,1,0,0,0,0,0,0,0,1,1,1,0,0
A6119561,0,0,1,0,1,0,1,0,0,0,0,1,1,0,0
A6119561,0,0,1,1,1,1,1,0,0,1,0,1,0,0,1
A6119655,0,0,0,0,0,0,0,0,0,0,0,0,0,0,0
A6128865,0,0,0,0,0,0,0,0,0,0,0,1,0,0,0
A6147565,0,1,0,1,0,1,0,0,0,0,0,0,0,0,0
A6194493,1,1,0,0,0,0,1,0,0,0,0,0,0,0,0
A6194529,0,0,0,0,0,0,0,0,0,1,1,0,0,0,1
A6194529,0,1,0,1,1,1,0,0,0,0,1,0,0,0,0
A6194529,1,0,0,0,0,0,0,0,0,1,0,0,0,0,0
A6196621,0,0,0,0,0,0,0,0,1,0,1,0,0,0,0
A6216803,0,0,0,0,0,0,0,0,0,0,0,0,0,0,0
A6231565,0,0,0,0,0,0,0,0,0,0,0,0,0,0,0
A6233865,0,0,0,0,0,0,0,0,0,0,0,0,0,0,0
A6242154,1,0,0,0,0,0,0,0,0,0,0,0,0,0,1
A6242154,0,1,0,0,0,0,0,0,0,0,0,0,0,0,0
A6255953,0,1,0,0,0,0,0,1,1,0,0,0,0,0,0
A6255965,0,0,0,0,0,0,0,0,0,1,0,0,0,0,0
A6255965,0,1,1,1,1,1,1,0,0,1,0,0,0,0,1
A6268402,1,0,0,0,0,0,0,0,0,0,0,0,0,0,0
A627791,0,0,0,0,0,1,0,0,0,1,0,0,0,1,0
A6329087,1,0,1,0,0,0,0,1,1,0,0,1,1,0,1
A6329144,0,1,0,1,0,0,0,0,0,0,0,1,1,0,0
A6329145,1,1,1,1,0,1,0,1,1,0,0,0,1,1,0
A6344132,0,0,0,0,0,0,0,0,0,0,0,0,0,0,0
A6344133,0,0,0,0,0,0,0,0,0,0,0,0,0,0,0
A6371718,0,0,0,0,0,0,1,1,0,0,0,0,0,0,0
A640619,1,0,0,0,0,0,1,0,0,0,0,0,0,0,0
A6414689,1,0,0,0,0,0,0,0,0,0,0,0,0,0,0
A6421988,0,0,0,0,0,0,1,0,0,0,0,0,0,0,0
A6422290,1,0,0,0,0,0,1,0,0,0,0,0,0,0,0
A6423168,0,0,0,0,0,0,0,0,0,0,0,0,0,0,0
A6449461,0,1,0,0,0,0,0,0,0,0,0,0,0,0,0
A6455044,0,1,0,0,1,0,0,0,0,0,0,0,1,0,0
A6534174,0,0,0,0,0,0,0,0,0,0,0,0,0,0,0
A6576130,0,0,0,0,0,0,0,0,0,0,0,0,0,0,0
A6644116,0,0,0,0,0,0,0,0,0,1,0,0,0,0,0
A665526,1,1,1,1,0,1,0,0,0,0,0,0,0,1,0
A6660148,0,0,0,0,0,0,0,0,0,0,0,0,0,0,0
A6666090,1,1,0,0,0,0,0,0,0,0,0,0,0,0,0
A6670606,0,0,0,0,0,0,0,0,0,0,0,0,0,0,0
A6741452,0,1,0,0,0,0,0,0,0,0,0,0,0,0,0
A6796847,1,1,0,0,1,0,1,1,0,0,1,0,0,0,1
A6811321,0,0,0,0,0,0,0,0,0,0,0,0,0,0,0
A6933515,0,0,0,0,0,0,0,0,0,0,0,0,0,0,0
A7107618,1,0,1,0,0,0,0,0,0,0,0,0,0,1,0
A713088,1,1,1,0,0,0,0,0,0,0,0,0,0,0,0
A7211933,0,1,0,0,0,0,0,0,0,0,0,0,0,0,0
A7240067,0,0,0,0,0,0,0,0,0,0,0,0,0,0,0
A7322112,1,1,0,0,0,0,0,0,0,0,0,0,0,0,0
A7376512,1,0,1,0,0,0,0,0,0,0,0,0,0,0,0
A7480439,0,0,0,0,0,0,0,0,0,0,0,0,0,0,0
A7559140,0,1,1,0,0,0,0,0,0,0,0,0,0,0,0
A7718906,0,0,0,0,0,0,0,0,0,0,0,0,0,0,0
A7804708,0,1,0,0,0,0,0,0,0,0,0,0,0,0,0
A7846964,1,0,0,0,0,0,0,0,0,0,0,0,0,0,0
A7930531,0,1,0,0,0,0,0,0,1,0,0,0,0,0,0
A808370,0,0,0,1,1,1,0,0,0,0,0,0,1,0,0
A808370,1,1,0,0,1,0,0,0,0,0,0,0,0,0,0
A8145203,1,0,0,0,0,0,0,0,0,0,0,0,0,0,0
A8817119,0,0,0,0,0,0,0,0,0,0,0,0,0,0,0
A8817120,0,0,0,0,0,0,0,0,0,0,0,0,0,0,0
A9026905,0,0,0,0,0,0,0,0,0,0,0,0,1,0,0
A9067138,0,0,1,0,0,0,0,0,0,0,1,1,1,1,0
A9067138,0,0,1,1,0,1,0,0,0,0,1,1,1,0,0
A9211331,0,0,0,0,0,0,0,0,0,0,0,0,0,0,0
A921379,0,0,1,0,0,0,0,0,0,0,0,0,0,0,0
A9301891,0,0,0,0,0,0,0,0,0,0,0,0,0,0,0
A9308585,0,1,0,0,0,0,0,0,0,0,0,0,0,0,0
A9449389,0,0,1,0,0,0,0,0,0,0,0,0,0,0,0
A9460174,0,0,0,0,0,0,0,0,0,0,0,0,0,0,0
A9515003,1,0,0,0,0,0,1,0,0,0,0,0,0,0,0
A9526828,0,0,0,0,0,0,0,0,0,0,0,0,0,0,0
A9526848,1,0,0,0,0,0,0,0,0,0,0,0,0,0,0
A9845797,0,0,0,0,0,0,1,0,0,0,0,0,0,0,0
