ID,ยาสีฟันกลิสเทอร์,ลูกกลิ้งระงับกลิ่นเหงื,ออลแพลนท์โปรตีน450กรัม,ยาสีฟันกลิสเทอร์ขนาดพก,นิวทริไลท์น้ำมันปลา,ยาสีฟันกลิสเทอร์ไวท์,นิวทริไลท์การ์ลิค(กระ,นิวทริไลท์กรีนทีโปรตีน,นิวทริไลท์พริมโรสพลั,ไฟโตพาวเดอร์อะเซโรล่า,แก้วเชคนิวทริไลท์,นิวทริไลท์โปรตีนเบอร์ร,น้ำยาล้างจานดิชดรอปส,โลชั่นถนอมผิวอัลลาโน,นิวทริไลท์ไฟโตเบลนด์
M1107665,0,0,0,1,0,0,0,0,0,0,0,0,0,0,0
M1233464,0,0,1,0,0,0,0,0,0,0,0,0,0,0,0
M1265568,0,0,0,0,0,0,0,0,0,0,0,0,0,0,0
M1291308,1,0,0,0,0,0,0,0,0,0,0,0,0,0,0
M1470631,1,1,1,0,0,0,0,0,0,1,0,0,0,0,0
M1470971,1,0,0,0,0,0,0,0,0,0,0,0,0,0,0
M1576141,0,0,0,0,0,0,0,0,0,0,0,0,0,0,0
M1646244,1,0,0,0,1,0,0,0,0,0,0,0,0,0,0
M1987882,0,0,0,0,0,0,0,0,0,0,0,0,0,0,0
M2001094,0,0,0,0,0,0,0,0,0,0,0,0,0,0,0
M2003777,1,0,0,1,0,0,0,0,0,0,0,0,0,0,0
M2012088,0,0,0,0,0,0,0,0,0,0,0,0,0,0,0
M2016083,0,0,1,0,1,0,0,1,0,0,1,0,0,0,1
M2022061,0,1,0,0,0,0,0,0,0,0,0,0,0,0,0
M2026749,0,0,0,0,0,0,1,0,0,0,0,0,0,0,0
M2027361,1,0,0,0,0,0,0,0,0,0,0,0,0,0,0
M2028664,0,0,0,0,0,0,0,0,0,0,0,0,0,0,0
M2029633,0,1,0,0,0,1,0,0,0,0,0,0,0,0,0
M2029640,0,0,0,0,0,0,0,0,0,0,0,0,0,0,0
M2031710,0,0,0,1,0,0,0,0,0,0,0,0,0,0,0
M2032409,0,0,0,0,1,0,1,0,0,0,0,0,0,0,0
M2033644,1,0,0,0,1,0,1,0,0,0,0,0,0,0,0
M2034788,0,0,0,0,0,0,0,0,0,0,0,0,0,0,1
M2036706,0,0,0,0,0,0,0,1,0,0,0,0,0,0,0
M2038209,0,0,0,0,0,0,0,0,0,0,0,0,0,0,0
M2038228,0,0,0,0,0,0,0,0,0,0,0,0,0,0,0
M2038241,0,0,0,0,0,0,0,0,0,0,0,0,0,0,0
M2038915,0,0,0,0,1,0,0,0,0,0,0,0,0,0,0
M2039612,0,0,0,0,0,0,0,0,0,0,0,0,0,0,0
M2040034,0,1,0,0,0,0,0,0,0,0,0,0,0,0,0
M2041003,0,1,0,0,0,0,0,0,0,0,0,0,0,0,0
M2044652,0,0,0,0,0,0,0,0,0,0,0,0,1,0,0
M2044731,0,0,0,0,1,0,1,0,0,0,0,0,0,0,0
M2045056,0,0,0,1,0,0,0,0,0,0,0,0,0,0,0
M2045089,0,0,0,0,0,0,0,0,0,0,0,0,0,0,0
M2050444,0,0,0,0,0,0,0,0,0,0,0,0,0,0,0
M2052158,0,0,0,0,0,0,0,0,0,0,0,0,0,0,0
M2052171,0,0,0,0,0,0,0,0,0,0,0,0,0,1,0
M2054059,0,0,0,0,0,0,0,0,0,0,0,0,0,0,0
M2055001,0,0,0,0,0,0,0,0,0,0,0,0,0,0,0
M2057655,0,1,0,0,0,0,0,0,0,0,0,0,0,1,0
M2061061,0,1,0,0,0,0,0,0,0,0,0,0,0,0,0
M2061272,0,0,0,0,0,0,0,0,0,0,0,0,0,0,0
M2061303,0,0,0,0,0,0,0,0,0,0,0,0,0,0,0
M2061310,0,1,0,0,0,1,0,0,0,0,0,0,0,0,0
M2062235,0,0,0,0,0,1,0,0,0,0,0,0,0,0,0
M2070187,0,1,0,0,0,0,0,0,0,0,0,0,0,0,0
M2070276,0,0,0,0,0,0,0,0,0,0,0,0,0,0,0
M2072809,1,0,0,0,0,0,0,0,0,0,0,0,0,0,0
M2073468,1,0,0,0,0,0,0,0,0,0,0,0,0,0,0
M2079457,1,0,0,0,0,0,0,0,0,0,0,0,0,0,0
M2082580,0,0,0,0,0,0,0,0,0,0,0,0,0,0,0
M2085476,0,0,0,0,0,1,0,0,0,0,0,0,0,0,0
M2086203,0,0,1,0,0,0,0,0,0,0,0,0,0,0,0
M2087355,0,0,0,1,0,1,0,0,0,0,0,0,0,0,0
M2087954,0,0,0,0,0,0,0,0,0,0,0,0,0,0,0
M2088408,0,0,0,0,0,0,0,0,0,0,0,0,0,0,0
M2088833,0,0,0,0,0,0,0,0,0,0,0,0,0,0,0
M2092780,0,1,0,0,0,0,1,0,0,0,0,0,0,0,0
M2093369,0,0,0,0,0,1,0,0,0,0,0,1,0,0,0
M2093379,0,0,0,0,0,0,0,0,0,0,0,0,0,0,0
M2097273,0,0,0,0,1,0,1,0,0,0,0,0,0,0,0
M2098747,0,0,0,0,0,0,0,0,0,0,0,0,0,0,0
M2098781,0,0,0,0,0,0,0,0,0,0,0,0,0,0,0
M2098787,0,0,0,0,0,0,0,0,0,0,0,0,0,0,0
M2101071,0,0,0,0,1,0,1,0,0,0,0,0,0,0,0
M2101708,1,0,0,0,0,0,0,0,0,0,0,0,0,0,0
M2101709,1,0,0,0,0,0,0,0,0,0,0,0,0,0,0
M2101711,0,0,0,1,0,0,0,0,0,0,0,0,0,0,0
M2102987,0,0,0,0,0,0,0,0,0,0,0,0,0,0,0
M2103048,0,0,0,0,0,0,0,0,0,0,0,0,0,0,0
M2103471,0,0,0,0,0,1,0,0,0,1,1,1,0,0,0
M2103829,0,0,0,0,0,0,0,0,0,0,0,0,0,0,0
M2103852,0,0,0,0,0,0,0,0,0,0,0,0,0,0,0
M2104123,0,0,1,0,0,0,0,0,0,0,0,0,0,0,0
M2104126,0,0,0,0,0,0,0,0,0,0,0,0,0,0,0
M2104136,1,0,0,0,0,0,0,0,0,0,0,0,0,0,0
M2104142,0,0,0,0,0,0,0,0,0,0,0,0,0,0,0
M2113934,0,0,0,0,0,0,0,0,0,0,0,0,0,0,0
M2114912,0,0,0,0,0,0,0,0,0,0,0,0,0,0,0
M2114918,0,0,0,0,0,0,0,0,0,0,0,0,0,0,0
M2116235,0,0,0,0,0,0,0,0,0,0,0,0,0,0,0
M2116552,0,0,0,0,0,0,0,0,0,0,0,0,0,0,1
M2117341,0,0,0,0,0,0,0,0,0,0,0,0,0,0,0
M2117347,0,0,0,0,0,0,0,0,0,0,0,0,0,0,0
M2119837,1,1,0,1,0,0,0,0,0,0,0,0,0,0,0
M2119967,0,0,0,0,0,1,0,0,0,0,0,1,0,0,0
M2120432,1,0,0,0,0,0,0,0,0,0,0,0,0,0,0
M2122448,1,1,0,0,0,0,0,0,0,0,0,0,0,0,0
M2122580,0,0,0,0,0,0,0,0,0,0,0,0,0,0,0
M2125561,0,0,0,0,0,0,0,0,0,0,0,0,0,0,0
M2129087,0,0,0,0,0,0,0,0,0,0,0,0,0,0,0
M2129258,0,0,0,0,0,0,0,0,0,0,1,0,0,0,0
M2130529,0,0,0,0,1,0,0,0,1,0,0,0,0,0,0
M2131341,0,0,0,0,0,0,0,0,0,0,0,0,0,0,0
M2138694,0,0,1,0,0,0,0,0,0,1,0,0,0,0,0
M2139569,0,0,0,0,1,0,0,0,0,0,0,0,0,0,0
M2140869,0,0,1,0,0,0,0,0,0,0,0,0,0,0,0
M2149238,0,0,0,0,0,0,0,0,0,0,0,0,0,0,0
M2149396,0,0,0,0,0,0,0,0,0,0,0,0,0,0,0
M2150476,0,0,0,0,0,0,0,0,0,0,0,0,0,0,0
M2151503,0,0,1,0,0,0,0,0,0,0,0,0,0,0,0
M2151548,0,0,0,0,0,0,0,0,0,0,0,0,0,1,0
M2157366,0,0,0,0,0,0,0,0,0,0,0,0,0,0,0
M2158106,0,0,0,0,0,0,0,0,0,0,0,0,0,0,0
M2159863,1,0,0,0,0,0,0,0,0,0,0,0,0,0,0
M2160773,0,0,0,0,0,0,0,0,0,0,0,0,0,0,0
M2160851,0,0,0,0,0,0,0,1,0,0,0,0,0,0,0
M2161983,0,1,0,0,0,0,0,0,1,0,0,0,0,0,0
M2164040,0,0,0,0,0,0,0,0,0,0,0,0,0,0,0
M2168239,0,1,0,0,0,0,0,0,0,0,0,0,0,0,0
M2171301,0,0,0,0,0,0,0,0,0,0,0,0,0,0,0
M2171352,0,0,0,0,0,0,0,0,0,0,0,0,0,0,0
M2171385,0,0,0,0,0,0,0,0,0,0,0,0,0,0,0
M2171414,0,0,0,0,0,0,0,0,0,0,0,0,0,0,0
M2173178,1,0,0,0,0,0,0,0,0,0,0,0,0,0,0
M2173188,0,0,0,0,0,0,0,0,0,0,0,0,0,1,0
M2174994,0,1,0,0,0,0,0,0,0,0,0,0,0,0,0
M2181226,0,0,0,0,0,0,0,0,0,0,0,0,0,0,0
M2181893,0,0,0,0,0,0,0,0,0,0,0,0,0,0,0
M2185335,0,0,0,0,0,0,0,0,0,0,0,0,0,0,0
M2186244,0,1,0,0,0,0,0,1,0,0,0,0,0,0,0
M2187211,0,1,0,0,0,1,0,1,0,1,1,0,0,0,0
M2189216,0,0,0,0,0,0,0,0,0,0,0,0,0,0,0
M2189225,0,0,0,0,0,0,0,0,0,0,0,0,0,0,0
M2189926,0,0,0,0,0,0,0,0,1,0,0,0,0,0,0
M2190358,0,0,0,1,0,0,0,0,0,0,0,0,0,0,0
M2190772,0,0,0,0,0,0,0,1,0,0,0,0,0,0,0
M2192462,0,0,0,0,0,0,0,0,0,0,0,0,0,0,0
M2194442,0,1,0,0,0,0,0,0,0,0,0,0,0,0,0
M2195063,0,0,0,0,0,0,0,0,0,0,0,0,0,0,0
M2195073,1,0,0,0,0,0,0,0,0,0,0,0,0,0,0
M2197053,0,0,0,0,0,0,0,0,0,0,0,0,0,0,0
M2201892,0,0,0,0,0,1,0,0,0,0,0,0,0,0,0
M2205452,1,1,0,0,0,0,0,0,0,0,0,0,0,0,0
M2206716,0,1,0,0,0,0,0,0,0,0,0,0,0,0,0
M2207043,0,0,0,0,0,0,0,1,0,0,0,0,0,0,0
M2207426,0,0,0,0,0,1,0,0,0,0,0,0,0,0,0
M2207807,1,0,0,0,0,0,0,0,0,0,0,0,0,0,0
M2207960,1,0,0,0,0,0,0,0,0,0,0,0,0,0,0
M2208838,0,0,1,0,0,0,0,0,0,1,1,0,0,0,0
M2209196,1,0,0,0,0,0,0,0,0,0,0,0,0,0,0
M2209807,0,0,1,0,0,0,0,0,0,0,1,0,0,0,0
M2210736,1,1,0,0,0,0,0,0,0,0,0,0,0,0,0
M2211062,0,0,0,0,0,0,0,0,0,0,0,0,0,0,0
M2215466,0,1,0,0,0,0,0,0,0,0,0,0,0,0,0
M2217940,0,1,0,0,0,1,0,0,0,0,0,0,0,0,0
M2218179,0,0,1,0,0,0,0,0,0,0,0,0,0,0,0
M2218195,0,0,0,0,0,0,0,0,0,0,0,0,0,0,0
M2218211,1,0,0,0,0,0,0,0,0,0,0,0,1,0,0
M2218783,0,0,1,0,1,0,0,0,0,0,1,0,0,0,0
M2219307,0,0,0,0,0,0,0,0,0,0,0,0,0,0,0
M2220217,0,0,1,0,0,1,0,0,0,0,0,0,0,0,0
M2220507,0,0,0,0,0,0,0,0,0,0,0,0,0,0,0
M2222017,0,0,0,0,0,0,0,1,0,0,0,0,0,0,0
M2224548,0,0,1,0,0,0,0,0,0,0,0,1,0,0,0
M2224635,0,0,0,0,0,0,0,0,0,0,0,0,0,0,0
M2224642,0,0,0,0,0,0,0,0,0,0,0,0,0,0,0
M2224944,0,0,1,0,1,0,0,0,0,1,0,0,0,0,0
M2224969,0,0,1,0,0,0,0,0,0,1,0,0,0,0,0
M2227265,0,0,0,0,0,1,1,0,0,0,0,0,0,0,0
M2227712,0,0,0,0,0,0,0,0,0,0,0,0,0,0,0
M2230341,0,0,0,0,0,1,0,0,0,0,0,0,0,0,0
M2230350,0,0,0,0,0,0,0,0,0,0,0,0,0,0,0
M2232299,0,0,0,0,0,0,0,0,0,0,0,0,0,0,0
M2236914,0,0,0,0,0,0,0,0,0,0,0,0,0,0,0
M2239760,0,0,1,0,1,0,0,0,1,1,0,0,0,0,0
M2240049,0,0,0,0,0,0,0,1,0,0,0,0,0,0,0
M2242581,0,0,0,0,0,0,0,0,0,0,0,0,0,0,0
M2242595,0,0,0,0,0,0,0,0,0,0,0,0,0,0,0
M2247450,0,0,0,0,0,0,0,0,0,0,0,0,0,0,0
M2248017,0,0,0,0,0,0,0,0,0,0,0,1,0,0,1
M2249279,0,0,0,1,0,0,0,0,0,0,0,0,0,0,0
M2250734,0,0,0,0,0,0,0,0,0,0,0,0,0,0,1
M2250750,0,0,0,0,0,1,0,1,0,1,0,1,0,0,0
M2253662,1,0,0,0,0,0,0,0,0,0,0,0,0,0,0
M2255629,0,0,0,0,0,0,0,0,0,0,0,0,0,0,0
M2255633,1,1,0,0,0,0,0,0,0,0,1,0,0,0,0
M2256729,0,0,0,0,0,0,0,0,0,0,0,0,0,0,0
M2259639,0,0,0,0,0,0,0,0,1,0,0,0,0,0,0
M2260693,0,1,0,0,0,0,0,0,0,0,0,0,0,0,0
M2261622,0,0,0,0,0,0,0,0,0,0,0,0,0,0,0
M2261640,0,0,0,0,0,0,0,0,0,0,0,0,0,0,0
M2262793,0,0,0,0,0,0,0,0,0,0,0,0,0,0,0
M2262835,1,0,0,0,0,0,0,0,0,0,0,0,0,0,0
M2262867,0,1,0,1,0,0,0,0,0,0,0,0,0,0,0
M2263430,1,0,0,0,0,0,0,0,0,0,0,0,0,0,0
M2264165,0,1,0,1,0,0,0,0,0,0,0,0,0,0,0
M2266927,0,0,1,0,0,0,0,1,0,1,0,0,0,0,0
M2268316,1,0,0,0,0,1,0,0,0,0,0,0,0,0,0
M2271399,0,0,0,0,0,0,0,0,0,0,0,0,0,0,0
M2271409,0,0,0,0,0,0,0,0,0,0,0,0,0,0,0
M2271423,1,0,0,0,0,0,0,0,0,0,0,0,0,0,0
M2272164,0,0,0,0,0,0,1,0,0,0,0,0,0,0,0
M2272326,0,1,0,1,1,0,0,0,0,0,0,0,1,0,0
M2272476,0,0,0,0,0,0,0,1,0,0,0,0,1,0,0
M2273183,1,0,0,0,0,0,0,0,0,0,0,0,0,0,0
M2273825,0,0,0,0,0,0,0,0,0,0,0,0,0,0,0
M2275011,0,0,0,0,0,0,0,0,0,0,0,0,0,0,0
M2276823,0,0,0,0,0,0,0,0,0,0,0,0,1,0,0
M2276839,0,0,0,0,0,0,0,0,0,0,0,0,0,1,0
M2276898,0,0,1,0,0,0,1,0,0,0,0,0,0,0,0
M2277541,0,0,0,0,0,0,0,0,0,0,0,0,0,0,0
M2278141,0,0,0,0,0,0,0,0,0,0,1,1,0,1,0
M2278667,0,0,0,0,0,0,0,0,0,0,0,0,0,0,0
M2278741,0,0,0,0,0,0,0,0,0,0,0,0,0,0,0
M2279237,0,0,0,1,0,0,0,0,0,0,0,0,0,0,0
M2279569,1,0,0,0,0,0,0,0,0,0,0,0,0,0,0
M2280792,0,0,0,0,0,0,0,0,0,0,0,0,0,0,0
M2280915,0,0,0,1,0,0,0,0,0,0,0,0,0,0,0
M2285366,0,0,0,0,0,0,0,0,0,0,0,0,0,0,0
M2285973,0,0,0,0,0,0,0,0,0,0,0,0,0,0,0
M2287382,0,0,0,0,1,0,1,0,0,0,0,0,0,0,0
M2288142,0,0,0,0,1,0,0,0,0,0,0,0,0,0,1
M2288723,0,0,0,0,0,0,0,0,0,0,0,0,0,1,0
M2288724,0,0,0,0,0,0,0,0,0,0,0,0,0,0,0
M2293024,0,0,0,0,0,0,0,0,0,0,0,0,0,0,0
M2293030,0,0,0,0,0,0,0,0,0,0,0,0,0,0,0
M2293058,0,0,0,0,0,0,0,0,1,0,0,0,0,0,0
M2293086,0,0,0,0,0,0,0,0,0,0,0,0,0,0,0
M2295104,0,0,0,0,0,0,1,0,0,0,0,0,0,0,0
M2295408,0,1,0,0,0,0,0,0,0,0,0,0,1,0,0
M2296864,1,0,1,1,0,0,0,1,1,0,0,0,1,0,0
M2300847,0,0,0,0,0,0,0,0,1,0,0,0,0,0,0
M2302129,0,0,0,0,0,0,0,0,0,0,0,0,0,0,0
M2302212,0,0,0,0,0,0,0,0,0,0,0,0,0,0,0
M2302801,0,0,0,0,0,0,0,0,0,0,0,0,0,0,0
M2303289,0,0,0,0,0,0,0,0,0,0,0,0,0,0,0
M2303778,0,0,1,0,1,0,0,0,0,0,1,0,0,0,1
M2309130,0,0,0,0,0,0,0,0,0,0,0,0,0,0,0
M2309130,0,0,0,0,1,0,0,0,0,0,0,0,0,0,0
M2309338,0,0,0,0,0,0,0,0,0,0,0,0,0,0,0
M2313229,0,0,1,1,0,0,0,1,0,0,0,0,0,0,1
M2315391,0,0,0,0,0,0,0,0,0,0,0,0,0,0,0
M2318469,0,0,0,0,0,0,0,0,0,0,0,1,0,0,0
M2319224,0,0,1,0,0,0,0,0,0,1,0,0,0,0,0
M2321906,0,0,0,0,0,0,0,0,1,0,0,0,0,0,0
M2322348,0,0,0,0,0,0,0,1,0,0,0,0,0,0,0
M2325887,0,0,0,0,0,0,0,0,0,0,0,0,0,0,0
M2325895,0,0,0,0,0,0,0,0,0,0,0,0,0,0,0
M2329295,0,0,0,0,0,0,0,0,0,0,0,0,0,0,0
M2329630,0,0,0,0,0,0,0,0,0,0,0,0,0,0,0
M2330173,0,0,0,0,0,0,0,0,0,0,0,0,0,0,0
M2332118,0,0,0,0,0,0,0,0,0,0,0,0,0,0,0
M2333880,0,0,0,0,0,0,0,0,0,0,0,0,0,0,0
M2335068,0,0,0,0,0,0,0,0,0,0,0,0,0,0,0
M2335328,0,0,0,0,0,0,0,0,1,0,0,0,0,0,0
M2336086,0,0,0,0,0,0,0,0,0,0,0,0,0,0,0
M2336926,0,0,0,0,0,0,0,0,0,0,0,0,0,0,0
M2337295,0,0,0,0,0,0,0,0,0,0,0,0,0,0,0
M2338479,0,0,0,0,0,0,0,0,0,0,0,0,0,0,0
M2338882,0,0,0,0,0,0,0,0,0,0,0,0,0,0,0
M2340220,0,0,0,0,0,0,0,0,0,0,1,0,0,0,0
M2340412,1,0,0,0,0,0,0,0,0,0,0,0,0,0,0
M2343135,0,0,0,0,1,0,0,0,0,0,0,1,0,0,0
M2345567,0,0,0,0,0,0,0,0,0,0,0,0,0,0,0
M2346477,0,0,1,0,1,0,0,0,0,0,0,0,0,0,1
M2347454,0,0,0,0,0,0,0,0,0,0,0,0,0,0,0
M2347480,0,1,0,0,0,0,0,0,0,0,0,0,0,0,0
M2349521,0,0,1,0,0,0,0,0,0,1,0,0,0,1,0
M2350640,0,0,0,0,0,0,0,0,0,0,0,0,0,0,0
M2350766,0,0,0,0,0,0,0,0,0,0,0,0,0,0,0
M2352229,0,0,0,0,0,0,1,0,0,0,1,0,0,0,0
M2352267,0,0,0,0,0,0,0,0,0,0,0,0,0,0,0
M2352291,0,0,0,0,0,0,0,0,0,0,0,0,0,0,0
M2353762,0,0,0,0,0,0,0,0,0,0,0,0,0,0,0
M2354851,0,0,0,0,0,0,0,0,0,0,0,0,0,0,0
M2354872,0,0,1,0,1,0,0,0,0,1,1,0,0,0,0
M2355187,0,0,0,0,0,0,0,0,0,0,0,0,0,0,0
M2357130,0,0,0,0,0,0,0,0,0,0,0,0,0,0,0
M2357194,1,0,0,0,0,0,1,0,0,0,0,0,0,0,0
M2358712,0,0,0,0,0,0,0,0,0,0,0,0,0,0,0
M2359718,0,0,0,0,0,0,0,0,0,0,0,0,0,0,0
M2359728,0,0,0,0,0,0,0,0,0,0,0,0,0,0,0
M2362702,1,0,0,0,0,0,0,0,0,0,0,0,0,0,0
M2363279,0,1,0,0,0,0,0,0,0,0,0,0,0,0,0
M2363667,0,1,0,0,0,0,1,0,0,0,0,0,0,0,0
M2367601,0,0,0,0,0,0,0,0,0,0,0,0,0,0,0
M2369776,1,0,0,0,0,0,0,0,0,0,0,0,0,0,0
M2370161,0,1,0,0,0,0,0,0,0,0,0,0,0,0,0
M2373237,0,0,0,0,0,0,0,0,0,0,0,0,0,0,0
M2374955,0,0,0,0,0,0,0,0,0,0,0,0,0,0,0
M2375339,0,0,0,0,0,0,0,0,0,0,0,0,0,1,0
M2375667,0,0,0,0,0,0,0,0,0,0,0,0,0,0,0
M2376188,0,0,0,0,0,0,0,0,0,0,0,0,1,0,0
M2377262,0,0,0,0,0,0,0,0,0,0,0,0,0,0,0
M2378315,0,0,0,0,0,0,0,0,0,0,0,0,0,0,0
M2382779,0,0,0,0,0,0,0,0,0,0,0,0,0,0,0
M2384904,1,0,0,0,0,0,0,0,0,0,0,0,0,0,0
M2384909,1,0,0,0,0,0,1,0,0,0,0,0,0,0,0
M2388984,0,0,0,0,0,0,0,0,0,0,0,0,0,0,0
M2389097,1,0,0,0,0,0,0,0,0,0,0,0,0,0,0
M2389402,0,0,0,0,0,0,0,0,0,0,0,0,0,0,0
M2390009,0,1,0,0,0,0,0,0,0,0,0,0,0,0,0
M2390610,0,0,0,0,0,0,0,0,0,0,0,0,0,0,0
M2391153,0,0,1,0,0,0,0,1,0,0,0,0,0,0,0
M2391551,0,0,0,0,0,0,0,0,0,0,0,0,0,0,0
M2391557,0,0,0,0,0,0,0,0,0,0,0,0,0,0,0
M2394581,0,0,0,0,1,0,0,0,0,0,0,0,0,0,0
M2395853,0,0,0,0,0,0,0,0,0,0,0,0,0,0,0
M2397799,0,0,0,1,0,1,0,0,0,1,1,0,0,1,0
M2398029,1,1,1,0,0,0,0,0,1,0,0,0,1,0,0
M2398232,0,0,0,0,0,0,0,0,0,0,0,0,0,0,0
M2398246,1,0,0,0,0,0,0,0,0,0,0,0,0,0,0
M2400038,0,0,0,0,0,1,0,0,0,0,0,0,0,0,0
M2401602,0,1,0,0,0,0,0,0,0,0,0,0,0,0,0
M2404297,0,0,0,0,0,0,0,1,0,0,0,0,0,0,0
M2408120,0,0,0,0,0,0,0,0,0,0,0,0,0,0,0
M2409164,0,1,0,1,0,0,0,0,0,0,0,0,0,0,0
M2409718,0,0,0,0,0,0,0,0,0,0,0,0,0,0,0
M2411984,0,0,0,0,0,0,0,0,0,0,0,0,0,0,0
M2417151,0,0,1,0,0,0,0,0,0,1,0,0,0,0,0
M2417360,0,0,0,0,0,0,1,0,0,0,0,0,0,0,0
M2423261,0,0,0,0,0,0,0,0,0,0,0,0,0,0,0
M2428821,0,0,0,0,0,0,0,0,0,0,0,0,0,0,0
M2437756,0,0,0,0,0,0,0,0,0,0,0,0,0,0,0
M2437768,0,0,0,0,0,0,0,0,0,0,0,0,0,0,0
M2437779,0,0,0,0,0,0,0,0,0,0,0,0,0,0,0
M2439099,0,0,0,0,0,0,0,0,0,0,0,1,0,0,0
M2439689,1,1,0,0,0,0,0,0,0,0,0,0,0,0,0
M2443397,0,0,0,0,0,0,0,0,0,0,0,0,0,0,0
M2443417,0,0,0,0,0,0,0,0,0,0,0,0,0,0,0
M2443433,0,0,1,0,0,0,0,0,0,0,0,0,0,0,0
M2444303,0,0,0,0,1,0,1,0,0,0,0,0,0,0,0
M2447399,0,0,0,0,0,0,0,0,0,0,0,0,0,0,0
M2447413,0,0,0,0,0,0,0,0,0,0,0,0,0,0,0
M2447415,0,1,0,0,0,1,0,0,0,0,0,0,0,0,0
M2449477,0,0,0,0,0,0,0,0,0,0,0,0,0,0,0
M2450656,1,0,0,0,0,0,0,0,0,0,0,0,0,0,0
M2450806,0,0,1,0,1,1,0,1,0,0,1,0,0,0,1
M2450820,0,0,0,0,0,0,0,0,0,0,0,0,0,0,0
M2451424,0,0,0,0,0,0,0,0,0,0,0,0,0,0,0
M2454216,0,0,0,0,0,0,0,0,0,0,0,1,0,0,0
M2455314,0,0,0,0,0,0,0,0,0,0,0,0,0,0,0
M2455317,0,0,0,0,0,0,0,0,0,0,0,0,0,0,0
M2456452,1,1,0,0,0,0,0,0,0,0,0,0,0,0,0
M2458066,0,0,0,0,0,0,0,0,0,0,0,0,0,0,0
M2462187,1,1,0,0,0,0,0,0,0,0,0,0,0,0,0
M2464520,0,0,0,0,0,0,0,1,0,0,0,0,0,0,0
M2465893,0,0,1,0,1,0,0,0,0,0,0,0,0,0,0
M2467925,0,0,0,0,0,0,0,0,0,0,0,1,1,0,0
M2468160,0,0,0,0,0,0,0,0,0,0,0,0,0,0,0
M2468173,0,0,0,1,0,0,0,0,0,0,0,0,0,0,0
M2468563,0,0,0,0,0,0,0,0,0,0,0,0,0,0,0
M2468563,0,0,0,0,0,1,0,0,0,0,0,0,0,1,0
M2470563,0,0,0,0,0,0,0,0,0,0,0,0,0,0,0
M2472134,0,0,0,0,1,0,0,0,0,0,0,0,0,0,0
M2474377,0,0,0,0,0,0,0,0,0,0,0,0,0,0,0
M2478472,0,0,0,0,0,0,0,0,0,0,0,0,0,0,0
M2478925,0,0,0,0,0,0,0,0,0,0,0,0,0,0,0
M2478939,0,0,0,0,0,0,0,0,0,0,0,0,0,0,0
M2478949,0,0,0,0,0,0,0,0,0,0,0,0,0,0,0
M2479157,0,0,0,0,0,0,0,0,0,0,1,0,0,0,0
M2480191,0,0,0,0,0,0,0,0,0,0,0,0,0,0,0
M2480256,0,0,0,0,0,0,0,0,0,0,0,0,0,0,0
M2483068,0,0,0,0,0,0,0,0,0,0,0,0,0,0,0
M2487278,0,0,0,0,0,0,0,0,0,0,0,0,0,0,0
M2488187,0,0,0,0,1,1,0,1,0,0,0,0,0,0,1
M2488886,0,0,0,0,0,0,0,0,0,0,0,0,0,0,0
M2488903,0,0,1,0,0,0,0,0,0,0,0,0,0,0,0
M2491030,0,0,0,0,0,0,0,0,0,0,0,0,0,0,0
M2493864,0,0,0,0,0,0,1,0,0,0,0,0,0,0,1
M2495201,0,0,0,0,0,1,0,0,0,0,0,0,0,0,0
M2496903,1,0,0,0,0,0,0,0,0,0,0,0,0,0,0
M2498648,0,0,0,0,0,0,1,0,0,0,0,0,0,0,0
M2499705,0,0,1,0,0,0,0,0,0,0,0,0,0,0,0
M2500212,0,0,0,0,0,0,0,0,1,0,1,0,0,0,0
M2506831,0,0,0,0,1,0,1,0,0,0,0,0,0,0,0
M2508405,0,1,0,1,0,0,0,0,0,0,0,0,0,0,0
M2508405,0,1,0,0,0,0,0,0,0,0,0,0,0,0,0
M2509003,0,0,0,0,0,0,0,0,0,0,0,0,0,0,0
M2509660,0,0,0,0,0,0,0,1,0,0,0,0,0,0,0
M2510714,0,1,0,0,0,0,0,0,0,0,0,0,0,0,0
M2527369,0,0,0,0,0,0,0,1,0,0,0,1,0,0,0
M2528919,0,1,0,0,0,0,0,0,0,0,0,0,0,0,0
M2531088,0,0,0,0,0,0,0,0,0,0,0,0,0,0,0
M2532501,0,0,0,0,0,0,0,0,0,0,0,0,0,0,0
M2533421,0,0,0,1,0,0,0,0,0,0,0,0,0,0,0
M2533424,0,0,1,0,0,0,0,0,0,0,0,0,0,0,0
M2533428,0,0,0,0,0,0,0,0,0,0,0,0,0,0,0
M2533437,1,0,0,1,0,0,0,0,0,0,0,0,0,0,0
M2533445,0,0,1,0,0,0,0,0,0,0,0,0,0,0,0
M2534124,0,0,0,0,0,0,0,0,0,0,0,0,0,0,0
M2534210,0,0,1,0,0,0,0,0,0,0,0,0,0,0,0
M2534210,0,0,1,1,0,0,0,0,0,0,0,0,0,0,0
M2548340,0,0,0,0,0,0,0,0,0,0,0,0,1,0,0
M2549845,0,0,0,0,0,0,0,0,0,0,0,0,0,0,0
M2551900,0,0,0,0,0,0,0,0,0,0,0,0,0,0,0
M2551928,0,0,0,0,0,0,0,0,0,1,0,0,0,0,0
M2551942,0,0,0,0,0,0,0,0,0,0,0,0,0,0,0
M2553313,0,1,1,0,0,0,0,0,0,0,0,0,0,0,0
M2558355,1,0,0,0,0,0,0,0,0,0,0,0,0,0,0
M2562021,0,0,0,0,0,0,0,0,0,0,0,0,0,0,0
M2563710,0,0,0,0,0,0,0,0,0,0,1,1,0,0,1
M2566027,0,0,0,0,0,0,0,0,1,0,0,0,0,0,0
M2568745,0,0,1,0,0,0,0,1,0,0,0,0,0,0,0
M2568752,0,0,0,0,0,0,0,1,0,0,1,1,0,0,0
M2571342,0,1,0,0,0,1,0,0,0,0,0,0,0,0,0
M2573232,0,0,0,0,0,0,0,0,0,0,0,0,0,0,0
M2573955,0,0,0,0,0,0,0,0,0,0,0,0,0,0,0
M2574589,0,1,0,0,0,0,0,0,0,0,0,0,1,0,0
M2575553,0,0,0,0,0,0,0,1,0,0,1,0,0,0,1
M2576008,0,1,0,0,0,0,0,0,1,0,0,0,0,1,0
M2576880,1,1,0,0,0,0,0,0,0,0,0,0,0,0,0
M2576891,1,1,0,0,0,1,0,0,0,1,1,0,0,0,0
M2576929,0,0,0,0,0,0,0,0,0,0,0,0,0,0,0
M2578373,0,0,0,0,0,0,0,0,0,0,0,0,0,0,0
M2578388,0,0,1,0,0,0,0,0,0,0,1,0,0,0,0
M2578407,0,0,1,0,0,0,0,0,0,0,1,0,0,0,0
M2579469,0,0,0,0,0,0,0,0,0,0,0,0,0,0,0
M2579639,0,0,0,0,0,0,0,0,0,0,0,0,0,0,0
M2579675,0,0,0,0,0,0,0,0,0,0,0,0,0,0,0
M2580513,0,0,0,0,0,0,0,1,1,0,0,0,0,0,0
M2581943,0,0,0,0,0,0,0,0,0,0,0,0,1,0,0
M2582451,0,1,0,0,0,0,0,0,0,0,0,0,0,0,0
M2583497,0,0,0,0,0,0,0,0,0,0,0,0,0,0,0
M2583504,1,0,0,0,0,0,0,0,0,0,0,0,0,0,0
M2586011,0,0,0,0,0,0,0,0,0,0,0,0,0,0,0
M2588484,0,0,0,0,0,0,0,0,0,0,0,0,0,0,0
M2588835,0,0,0,0,0,0,0,0,0,0,0,0,1,0,0
M2590945,0,0,0,1,0,0,0,0,0,0,0,0,0,0,0
M2591499,0,0,0,0,1,0,0,0,0,0,0,0,0,0,0
M2592584,0,0,0,0,0,0,0,0,0,0,0,0,0,0,0
M2592655,0,0,0,0,0,0,0,0,0,0,0,0,0,0,0
M2592679,0,0,0,0,0,0,0,0,0,0,0,0,0,0,0
M2593946,0,0,0,0,0,0,0,0,0,0,0,0,0,0,1
M2596385,0,0,0,0,0,0,0,0,0,0,0,0,0,0,0
M2596555,0,0,0,0,0,0,0,0,0,0,0,0,0,0,0
M2597467,0,0,0,0,0,0,0,0,0,0,0,0,0,0,0
M2599667,0,0,1,0,0,0,0,0,0,1,1,0,0,0,0
M2599917,0,0,0,0,0,1,0,0,0,0,0,0,0,0,0
M2601066,0,0,0,0,0,0,0,0,0,0,0,0,0,0,0
M2601066,0,1,0,0,0,0,0,0,0,0,0,0,0,0,0
M2603504,0,0,1,0,0,0,0,1,0,0,0,0,0,0,0
M2606028,0,0,0,0,0,0,0,0,0,0,0,1,0,0,0
M2610324,0,0,0,0,0,0,0,0,0,0,0,0,0,0,0
M2611931,0,0,0,0,1,0,0,1,0,0,1,0,0,0,0
M2611946,0,0,1,0,0,0,0,1,0,0,0,0,0,0,0
M2612893,0,1,0,0,0,1,0,0,0,0,0,0,0,0,0
M2613407,0,0,0,0,0,0,0,0,0,0,0,0,0,0,0
M2613555,0,1,0,0,0,0,0,0,0,0,0,0,0,0,0
M2615454,0,0,0,0,0,0,0,0,0,0,0,0,0,0,0
M2617510,1,0,0,0,0,0,0,0,0,0,1,1,0,0,0
M2621526,0,0,0,0,0,0,0,0,0,1,1,0,0,0,0
M2624920,0,0,0,0,0,0,0,1,0,0,0,0,0,0,0
M2625972,0,1,0,0,0,0,1,0,1,0,0,0,0,1,0
M2626186,0,0,0,1,0,0,0,0,0,0,0,0,0,0,0
M2626404,0,1,0,0,0,1,0,0,0,0,0,0,0,0,0
M2628050,0,0,0,0,0,0,0,0,0,0,0,0,1,0,0
M2629188,0,0,0,0,0,0,0,0,0,0,0,0,0,0,0
M2630860,0,0,0,0,0,0,0,0,0,0,0,0,0,0,0
M2632526,0,0,0,0,0,0,0,0,0,1,0,1,0,0,0
M2632999,0,0,0,0,1,0,1,0,1,0,0,0,0,0,0
M2633923,0,0,0,0,1,0,1,0,0,0,0,0,0,0,0
M2646226,0,0,0,0,0,0,0,0,0,0,0,0,0,0,0
M2649224,0,0,0,0,0,0,0,0,0,0,0,1,0,0,0
M2649773,0,0,0,0,0,0,0,0,0,0,0,0,0,0,0
M2650132,0,0,0,0,0,0,0,0,0,0,0,0,0,0,0
M2650570,0,0,0,0,0,0,0,0,0,0,0,0,0,0,0
M2651029,0,0,0,0,0,0,0,0,0,0,0,0,0,0,0
M2652773,0,0,1,0,0,0,0,1,0,0,0,0,0,0,0
M2654251,0,0,0,0,0,0,0,0,0,0,0,0,0,0,0
M2655939,0,0,0,0,0,0,1,0,0,0,0,0,0,0,0
M2656573,0,0,0,0,0,0,0,0,0,0,0,0,0,0,0
M2658434,0,0,0,0,1,0,0,0,0,0,0,0,0,0,0
M2659463,0,0,0,0,0,1,0,0,0,0,0,0,0,0,0
M2661206,1,0,0,0,0,0,0,1,0,0,0,0,0,0,0
M2661750,0,0,0,0,1,0,0,0,0,0,0,0,0,0,0
M2663850,0,0,0,0,0,0,0,0,0,0,0,1,0,0,0
M2664701,1,0,1,0,0,0,0,0,1,0,1,0,0,0,0
M2666230,0,0,0,1,0,0,0,1,0,0,0,0,0,0,0
M2666937,0,0,0,0,0,0,0,0,0,0,0,0,0,0,0
M2666951,0,0,0,0,0,0,0,0,0,0,0,0,0,0,0
M2666969,0,0,0,0,0,0,0,0,0,0,0,0,0,0,0
M2666985,0,0,0,0,0,0,0,0,0,0,1,1,0,0,0
M2668257,0,0,0,0,0,0,0,0,0,0,0,0,1,0,0
M2668656,0,0,0,0,0,0,0,0,0,0,0,0,0,0,0
M2669355,0,0,0,0,0,0,0,0,0,0,0,0,0,0,0
M2670910,0,0,0,1,0,1,0,0,0,0,0,0,0,0,0
M2671464,0,0,0,0,0,0,0,0,0,0,0,0,0,0,0
M2671472,0,0,0,0,0,0,0,0,0,0,0,0,0,0,0
M2671770,0,0,0,0,0,0,0,0,1,0,0,0,0,0,0
M2673767,0,0,0,1,0,0,0,0,0,0,0,0,0,0,0
M2673773,0,1,1,0,0,0,0,0,1,1,1,0,0,0,0
M2673781,0,1,0,0,0,0,0,0,0,0,0,0,0,0,0
M2674807,0,0,0,0,0,0,1,0,0,0,0,0,0,0,0
M2677071,0,0,0,0,0,0,0,0,0,0,0,0,0,0,0
M2678420,0,0,0,0,0,0,0,0,0,0,0,1,0,0,0
M2679745,0,0,0,0,0,0,0,0,0,0,0,0,0,0,0
M2680684,0,0,0,0,1,0,0,1,1,0,0,0,1,0,0
M2684387,1,1,0,0,0,0,0,0,0,0,0,0,0,0,0
M2686600,0,0,1,0,0,0,1,0,0,0,0,0,0,0,0
M2687321,0,0,0,0,1,0,1,1,0,0,0,0,0,0,0
M2690837,0,0,0,0,0,0,0,0,0,0,0,0,0,0,0
M2693176,0,0,0,0,0,0,0,0,1,0,0,0,0,0,0
M2693904,0,1,0,1,0,0,0,0,0,0,0,0,0,0,0
M2695866,0,0,1,1,1,0,0,0,0,0,0,0,0,0,0
M2696140,0,0,0,0,0,0,0,0,0,0,0,0,0,0,0
M2700113,0,1,1,0,0,0,0,0,0,0,1,0,0,0,0
M2704506,1,1,0,0,0,0,0,0,0,0,0,0,0,0,0
M2704770,0,0,0,0,0,0,0,0,0,0,0,0,0,0,0
M2705637,0,0,1,1,0,0,0,0,0,1,1,0,0,0,0
M2708601,0,0,0,0,0,0,0,0,0,0,0,0,0,0,0
M2716537,0,0,0,0,0,0,0,0,0,0,0,0,0,0,0
M2720377,0,0,0,1,0,1,0,0,0,0,0,0,0,0,0
M2729007,0,0,0,0,0,0,0,0,0,0,0,0,0,0,0
M2730072,0,0,1,0,1,0,0,1,0,0,0,0,0,0,1
M2731839,0,0,0,0,0,0,0,0,0,0,0,1,0,0,0
M2732170,0,0,0,0,0,0,0,0,1,0,0,0,0,1,0
M2732838,0,1,0,1,0,0,0,0,0,0,0,0,0,1,0
M2733506,0,0,0,0,0,0,1,0,0,0,0,0,0,0,0
M2737466,0,0,0,0,1,0,1,0,0,0,0,0,0,0,0
M2738054,0,1,1,0,0,1,0,0,0,0,0,0,0,0,0
M2739794,0,0,0,0,0,0,0,0,0,0,0,0,0,0,0
M2740610,0,1,0,0,0,1,0,0,0,0,0,0,0,0,0
M2742734,1,0,0,0,0,0,0,0,1,0,0,0,0,0,0
M2745199,0,0,1,0,0,0,0,0,0,0,0,0,0,0,0
M2745699,0,0,0,0,0,0,0,0,0,0,0,1,0,0,0
M2747945,0,0,1,0,0,0,0,0,1,0,0,0,0,0,0
M2764456,0,0,0,0,0,0,0,0,0,0,0,0,0,0,0
M2766301,0,0,1,0,0,0,0,0,0,0,0,0,0,0,0
M2770924,0,0,1,0,0,0,0,0,0,0,1,0,0,0,0
M2771156,0,0,0,0,0,0,0,0,0,0,0,0,0,0,0
M2771472,0,0,0,0,0,0,0,0,0,0,0,0,0,0,0
M2772280,0,0,0,1,0,0,0,0,0,0,0,0,0,0,0
M2772845,0,0,0,0,0,0,0,0,0,0,0,0,0,0,1
M2774041,0,0,0,0,0,0,0,0,0,0,0,0,0,0,0
M2775215,0,0,0,0,0,0,0,0,0,0,0,0,0,0,0
M2776373,0,0,0,0,0,0,0,0,0,0,0,0,0,0,0
M2779963,0,0,0,0,0,0,0,0,1,0,0,0,0,0,0
M2781203,0,0,0,0,0,0,0,0,0,0,0,0,0,0,0
M2781335,0,0,0,0,0,0,0,0,0,0,0,0,0,1,0
M2783513,0,0,1,0,0,0,0,0,0,0,1,1,0,0,0
M2784015,0,0,0,0,0,0,0,0,0,0,0,0,0,0,0
M2785016,0,0,0,0,0,0,0,0,0,0,0,0,0,0,0
M2785580,0,0,0,0,0,0,0,0,1,0,0,0,0,0,0
M2789234,0,0,0,0,0,0,0,0,0,0,0,0,0,0,0
M2789641,0,0,1,0,0,0,0,0,0,0,1,0,0,0,0
M2790671,0,0,0,0,0,1,0,0,1,0,0,0,0,0,0
M2792340,0,0,0,0,0,0,1,0,0,0,0,0,0,0,0
M2792983,0,0,0,0,0,0,0,0,0,0,0,0,0,0,0
M2795733,0,0,0,0,0,0,0,0,0,0,0,0,0,0,0
M3018473,0,0,0,0,0,0,0,0,0,0,0,0,0,0,0
M3028111,0,0,0,1,0,0,0,0,0,0,0,0,0,0,0
M3038900,0,0,0,1,0,0,0,0,0,0,0,0,0,0,0
M3059490,0,1,0,0,0,1,0,0,0,0,0,0,0,0,0
M3059490,0,0,0,1,0,1,0,0,0,0,0,0,0,1,0
M3059491,0,0,1,0,0,1,0,0,0,1,0,0,0,0,0
M3061739,0,0,0,0,0,0,0,0,0,0,0,0,0,0,0
M3120538,0,0,0,0,0,0,0,0,0,0,0,0,0,0,0
M3153268,1,0,0,0,0,0,0,0,0,0,0,0,0,0,0
M3165782,0,0,0,0,0,0,0,0,0,0,0,0,0,0,0
M3201381,0,0,0,0,1,0,0,0,0,0,0,0,0,0,0
M3235374,0,0,0,0,0,0,1,0,0,0,0,0,1,0,0
M3269541,0,0,1,0,0,0,0,1,0,0,0,0,0,0,0
M3275231,0,0,0,0,0,1,0,0,0,0,0,0,0,0,0
M3276353,1,0,0,0,0,0,0,0,0,0,0,0,0,0,0
M3281755,1,1,0,0,0,0,0,0,0,0,0,0,0,0,0
M3290428,1,0,0,0,0,0,0,0,0,0,0,0,0,0,0
M3292909,0,0,0,0,0,0,0,0,0,0,0,0,1,0,0
M3316495,0,0,0,0,0,0,0,0,0,0,0,0,0,0,0
M3332145,0,0,1,0,0,0,0,0,0,0,0,0,0,0,0
M3333321,0,0,0,0,0,0,0,0,0,1,0,0,0,0,0
M3347359,0,0,0,0,0,0,0,0,0,0,0,0,0,0,1
M3354406,0,0,0,0,0,0,0,0,0,0,0,0,0,0,0
M3354716,0,0,0,0,0,0,0,0,0,0,0,0,0,0,0
M3357801,0,1,0,0,0,1,0,0,0,1,0,0,0,0,0
M3371148,1,0,0,1,0,0,0,0,0,0,0,0,0,0,0
M3382714,0,0,1,0,0,0,0,0,0,0,0,0,0,0,0
M3389204,0,0,1,0,0,0,1,0,1,0,0,0,0,0,1
M3399783,0,0,0,0,0,0,0,0,0,0,0,0,0,0,0
M3462487,0,0,0,0,0,0,0,0,0,0,0,0,0,0,0
M3464217,1,1,0,0,0,0,0,0,1,0,0,0,0,0,0
M3473731,0,0,0,0,0,0,0,0,0,0,0,0,0,0,0
M3481640,0,1,0,0,0,0,0,0,0,0,0,0,0,0,0
M3482046,0,0,0,0,0,0,0,0,0,0,0,0,0,0,0
M3495166,0,1,0,0,0,0,0,0,0,0,0,0,0,0,0
M3502505,1,0,0,0,0,0,0,0,0,0,0,0,0,0,0
M3502636,1,1,0,1,0,0,0,0,0,0,0,0,0,0,0
M3512380,1,0,0,0,0,0,0,0,0,0,0,0,0,0,0
M3514243,0,0,0,0,0,0,0,0,0,0,0,0,0,0,0
M3516713,0,0,0,0,0,0,0,0,0,0,0,0,0,0,0
M3517187,0,1,0,0,0,0,0,0,0,0,0,0,0,0,0
M3517304,0,0,0,0,0,0,0,0,0,0,0,0,1,0,0
M3520526,0,0,0,0,0,0,0,0,0,0,0,0,1,0,1
M3522692,1,0,0,0,0,0,0,0,1,0,0,0,0,0,0
M3525745,0,1,0,1,0,0,0,0,0,0,0,0,0,1,0
M3531442,0,0,0,0,0,0,0,0,0,0,0,0,0,0,0
M3531452,0,0,0,0,0,0,0,0,0,0,0,0,0,0,0
M3534646,0,0,0,0,0,0,0,0,0,1,0,0,0,0,0
M3538603,1,0,0,0,0,0,0,0,1,0,0,0,0,0,0
M3538745,0,0,0,0,0,0,1,0,0,1,0,0,0,0,0
M3549787,0,0,0,0,0,0,0,0,0,0,0,0,0,0,0
M3550560,1,0,0,0,0,0,0,0,0,0,0,0,0,0,0
M3550576,1,0,0,0,0,0,0,0,0,0,0,0,0,0,0
M3556602,0,1,0,0,0,1,0,0,0,0,0,0,0,0,0
M3558509,0,1,0,0,0,0,0,0,0,0,0,0,0,0,0
M3566854,0,1,0,1,0,0,0,0,0,0,0,0,0,0,0
M3571579,0,0,0,0,0,0,0,0,0,0,0,0,0,0,0
M3572001,0,1,0,0,0,0,0,0,0,0,0,0,0,0,0
M3574920,0,0,0,0,0,0,0,0,0,0,0,0,0,0,0
M3575179,0,0,0,0,1,0,0,0,0,0,0,1,1,0,0
M3578441,0,0,0,0,0,0,0,0,0,0,0,0,0,0,0
M3592880,0,0,1,0,0,0,0,0,0,1,0,0,0,0,0
M3595325,0,0,0,0,1,0,1,0,0,0,0,0,0,0,0
M3599735,0,0,0,0,0,0,0,0,0,0,0,0,0,0,0
M3602945,0,0,0,0,0,0,0,1,0,0,0,0,0,0,0
M3606342,1,0,0,0,0,0,0,0,0,0,0,0,0,0,0
M3614115,0,0,0,0,0,0,0,0,1,0,0,0,0,0,0
M3614137,0,0,0,0,0,0,0,0,0,0,0,0,0,0,0
M3617510,0,0,0,0,0,1,0,0,0,0,0,0,0,0,0
M3620074,0,0,0,0,0,0,0,0,1,0,0,0,0,0,0
M3622482,0,1,0,0,0,0,0,0,0,0,0,0,0,0,1
M3625059,0,0,0,0,0,0,0,0,0,1,0,0,0,0,0
M3636587,1,1,0,0,0,0,0,0,0,0,0,0,0,0,0
M3643452,0,0,0,0,0,1,0,0,0,1,0,1,0,0,0
M3643649,0,0,1,0,0,0,0,0,0,0,0,0,0,0,1
M3647456,1,0,0,0,0,0,0,0,0,0,0,0,0,0,0
M3647584,0,0,0,1,0,0,0,0,0,0,0,0,0,0,0
M3648661,0,0,0,0,0,0,0,0,0,0,0,0,0,0,0
M3652203,0,0,0,0,1,0,0,0,0,1,0,0,0,0,0
M3652731,0,0,0,0,0,0,0,0,0,0,0,0,0,0,0
M3657484,0,0,0,0,0,0,0,0,0,0,0,0,0,0,0
M3658375,0,0,0,0,0,1,0,0,0,0,0,0,0,0,0
M3661137,1,0,1,0,0,0,0,0,0,0,0,0,0,0,0
M3664726,0,0,1,0,0,1,0,0,0,0,0,0,0,0,0
M3666416,0,0,1,0,0,0,0,0,0,1,0,0,0,0,0
M3671352,0,1,0,0,0,0,0,0,0,0,0,0,0,0,0
M3672297,0,0,0,0,0,0,0,0,0,0,0,0,0,0,0
M3801224,0,0,0,0,0,0,1,0,0,0,0,0,0,0,0
M3820898,0,1,0,1,0,0,1,0,1,0,0,0,0,0,0
M3851984,0,0,0,0,0,0,0,0,0,0,0,0,0,0,0
M4029871,0,0,0,0,0,0,0,0,0,0,0,1,0,0,0
M4125593,0,1,0,1,0,0,0,0,0,0,0,0,0,0,0
M4128248,0,0,0,0,0,0,0,0,0,0,0,0,0,0,0
M4174336,0,0,0,0,0,0,0,0,0,0,0,0,0,0,0
M4313818,1,0,0,0,0,0,1,0,0,0,0,0,0,0,0
M4324774,0,0,0,0,0,0,0,0,0,0,0,0,0,0,0
M4331444,0,0,0,0,0,1,1,0,0,0,0,0,0,0,0
M4446144,0,0,1,0,0,0,0,0,0,0,0,0,0,0,0
M4587775,0,0,0,1,0,0,0,0,0,0,0,0,1,0,0
M4601587,0,0,0,0,0,0,0,0,0,0,0,0,0,0,0
M4697814,0,1,1,0,0,0,0,0,0,0,0,0,0,0,0
M4708185,0,0,0,0,0,0,0,1,0,0,0,0,0,0,0
M4789311,0,0,0,0,0,0,0,0,0,0,0,0,0,0,0
M4860273,0,0,0,0,0,0,0,0,0,0,0,0,0,0,0
M4911890,0,0,0,0,0,0,0,0,0,0,0,0,0,0,0
M4993255,0,0,0,0,0,0,0,0,0,0,0,0,0,0,0
M5163207,0,0,0,0,0,0,0,0,0,0,0,0,0,0,0
M5216147,0,1,0,0,0,0,0,0,0,0,0,0,0,0,0
M5335907,0,0,0,0,0,0,0,0,0,0,0,0,0,0,0
M5358314,1,1,0,0,0,0,0,0,0,0,0,0,0,0,0
M5585849,0,1,1,0,1,0,0,0,0,0,0,0,0,0,0
M5871977,0,1,0,0,0,0,0,0,0,0,0,0,1,0,0
M5875246,0,0,0,0,0,0,0,0,0,0,0,1,0,0,0
M5887705,1,0,0,0,0,0,0,0,0,0,0,0,0,0,0
M5917943,0,0,0,0,0,0,0,0,0,0,0,0,0,0,1
M5944684,1,0,0,0,0,0,0,0,0,0,0,0,0,0,0
M5988665,0,1,0,0,0,0,0,0,0,0,0,0,0,0,0
M5993985,0,1,0,0,0,0,1,0,1,0,0,0,0,0,0
M6116079,0,0,0,0,0,0,0,0,0,0,0,0,0,0,0
M6116079,0,0,0,0,0,0,0,0,0,0,0,0,0,0,0
M6165357,0,0,0,0,0,0,0,0,0,0,0,0,0,0,0
M6165358,0,0,0,0,0,0,0,0,0,0,0,0,0,0,0
M6202600,0,0,0,0,0,0,0,0,0,1,0,0,0,0,0
M6233966,0,0,1,0,0,1,0,0,0,1,0,0,0,0,0
M6329144,0,0,0,0,1,0,0,0,1,0,0,0,0,0,1
M6700474,1,0,0,0,0,0,0,0,0,0,0,0,0,0,0
M6702491,0,0,0,0,0,0,0,1,0,0,0,0,0,0,0
M6705702,0,0,0,0,0,0,0,0,0,0,0,0,0,0,0
M6713610,0,0,0,1,0,0,0,0,0,0,0,0,0,0,0
M6716647,0,0,0,0,0,0,0,1,0,0,0,0,0,0,0
M7014794,0,0,0,0,0,0,0,0,0,0,0,0,0,1,0
M7033314,0,0,0,0,0,0,0,0,0,0,0,0,0,0,0
M7053806,1,0,0,0,0,0,0,0,0,0,0,0,0,0,0
M7056158,1,0,0,0,0,0,0,0,0,0,0,0,0,0,0
M713088,1,0,0,0,0,0,0,0,0,0,0,0,0,0,0
M7209011,0,1,0,1,0,0,0,0,0,0,0,0,0,0,0
M7213941,1,1,0,0,0,0,1,0,0,0,0,0,0,0,0
M7223095,0,0,0,0,0,0,0,0,1,0,0,0,0,0,0
M7231869,1,0,0,0,0,0,0,0,0,0,0,0,0,0,0
M7233602,1,0,0,0,0,0,0,0,0,0,0,0,0,0,0
M7233968,0,1,0,0,0,0,0,0,0,0,0,0,0,0,0
M7246971,0,0,0,0,0,0,0,0,0,0,0,0,0,0,0
M7299711,0,0,0,0,0,0,0,0,0,0,0,0,0,0,0
M7337308,0,1,0,0,0,0,0,0,0,0,0,0,0,0,0
M7343322,0,0,0,0,0,0,0,0,0,0,0,0,0,0,0
M7356647,0,0,0,0,0,0,0,0,0,0,0,0,0,0,0
M7361613,0,1,0,0,0,0,0,0,0,0,0,0,0,0,0
M7382065,0,0,0,0,0,0,0,0,0,0,0,0,1,0,0
M7399727,0,0,0,0,0,0,0,0,0,0,0,0,0,0,0
M7460748,1,0,0,0,0,0,0,0,0,0,0,0,0,0,0
M7709669,0,0,0,0,0,0,0,0,0,0,0,0,0,0,0
M7755142,1,0,0,0,0,0,0,0,0,0,0,0,0,0,0
M7808409,0,0,0,1,0,1,0,0,0,0,0,0,0,0,0
M7824487,0,1,0,0,0,0,0,0,0,0,0,0,0,0,0
M7838190,0,0,0,0,0,0,0,0,0,0,0,0,0,0,0
M7927123,0,1,0,0,0,0,0,0,0,0,0,0,0,0,0
M7931233,0,0,0,0,0,0,0,1,0,0,0,0,0,0,0
M7969911,0,0,0,0,0,0,0,0,0,0,0,0,0,0,0
M8006865,0,1,0,0,0,0,0,0,0,0,0,0,0,0,0
M8182292,0,1,0,0,0,0,0,0,0,0,0,0,0,0,0
M8183961,0,0,0,0,0,0,0,0,0,0,0,0,0,0,0
M8208249,0,1,0,0,0,0,0,0,0,0,0,0,0,0,0
M8216663,0,0,0,0,0,0,1,0,0,0,0,0,0,0,1
M8323227,1,0,0,1,0,0,0,0,0,0,0,0,0,0,0
M8394999,1,1,0,0,0,0,0,0,0,0,0,0,0,0,0
M8471201,0,0,0,0,0,0,0,0,0,0,0,0,1,0,0
M8485748,1,1,0,0,0,0,0,0,0,0,0,0,0,0,0
M8536042,0,0,0,0,0,0,0,0,0,0,0,0,0,0,0
M8552821,0,1,0,0,0,0,0,0,0,0,0,0,0,1,0
M8619985,0,0,0,0,0,0,0,0,0,0,0,0,0,0,0
M8639000,1,1,1,0,0,0,0,0,0,0,0,0,0,0,0
M8647277,0,0,0,0,0,0,0,0,0,0,0,0,0,0,0
M8741857,1,0,0,0,0,0,0,0,0,0,0,0,0,0,0
M8850500,1,0,0,0,0,0,0,0,0,0,0,0,0,0,0
M8967252,0,0,0,0,1,0,1,1,0,0,0,0,0,0,0
M9005274,0,0,0,0,0,0,1,0,0,0,0,0,0,0,0
M9008184,0,0,0,0,0,0,0,0,0,0,0,0,0,1,0
M9040455,0,0,0,0,0,0,0,0,0,1,0,0,0,0,0
M9041729,0,0,0,0,0,0,0,0,0,0,0,0,0,0,0
M9043919,0,0,0,0,0,0,0,0,0,0,0,0,0,0,0
M9052279,0,0,0,0,0,1,0,1,0,0,0,0,0,0,0
M9055357,0,0,0,0,0,0,0,0,0,0,0,0,0,0,0
M9056997,0,0,0,0,0,0,0,0,0,0,0,0,0,0,0
M9057226,0,0,0,0,0,0,0,0,0,0,0,0,0,0,0
M9067138,1,0,0,0,0,0,0,0,0,0,0,0,0,0,0
M9067616,0,0,0,0,1,0,1,0,0,0,0,0,0,0,0
M9074126,0,0,0,0,0,0,0,0,0,0,0,0,0,0,0
M9076763,1,0,1,1,0,0,0,0,0,0,0,0,0,0,0
M9082641,0,0,0,0,0,0,0,0,0,0,0,0,0,0,0
M9082701,1,0,0,0,0,0,0,0,0,0,0,0,0,0,0
M9091988,1,0,0,0,0,1,0,0,0,0,0,0,0,0,0
M9095070,1,1,0,0,0,0,0,0,0,0,0,0,0,0,0
M9112495,0,0,0,0,0,0,0,0,0,0,0,0,0,0,0
M9117729,0,0,0,0,0,0,0,0,0,0,0,0,1,0,0
M9202124,1,1,0,0,0,0,0,0,0,0,0,0,0,0,0
M9206372,0,0,0,0,0,0,0,1,0,0,0,0,0,0,0
M9211331,1,1,1,0,0,0,0,0,0,0,1,0,1,1,0
M9214343,0,0,0,0,0,0,0,0,0,0,0,0,0,0,0
M9214454,0,1,1,0,0,0,0,1,0,0,0,0,0,0,0
M9223356,0,0,1,0,0,0,1,0,0,1,0,0,0,0,0
M9225844,0,1,0,0,0,0,0,0,0,0,0,0,0,0,0
M9236952,0,0,0,0,1,0,0,0,0,0,0,0,0,0,0
M9250453,1,0,0,0,0,0,0,0,0,0,0,0,0,0,0
M9270115,0,0,0,0,1,0,1,0,0,0,0,0,0,0,0
M9279235,0,1,0,0,0,0,0,0,0,0,0,0,0,0,0
M9288197,0,0,0,0,0,1,0,0,0,0,0,0,0,0,0
M9300511,0,0,0,0,0,0,0,0,0,0,0,0,0,0,0
M9303097,1,0,0,0,1,0,1,0,0,1,0,0,0,0,0
M9303097,0,0,0,0,0,0,0,0,0,1,0,0,0,1,0
M9306836,0,1,0,1,0,0,0,0,0,0,0,0,0,0,0
M9309080,0,0,0,0,0,0,0,0,0,0,0,1,0,0,0
M9309086,1,0,0,0,0,0,0,0,0,0,0,0,0,0,0
M9318674,1,0,0,0,0,0,0,0,0,0,0,0,0,0,0
M9338173,0,1,0,0,0,0,0,0,0,0,0,0,0,0,0
M9339370,1,0,0,0,0,0,0,0,0,0,0,0,0,0,0
M9339427,0,0,0,0,0,0,0,0,0,0,0,0,0,0,0
M9341654,0,0,0,0,1,0,0,0,0,0,0,0,0,0,0
M9345154,0,0,0,0,1,0,1,0,0,0,0,0,0,0,1
M9355138,1,0,0,1,0,0,0,0,0,0,0,0,0,0,0
M9367782,1,0,0,0,0,0,0,0,0,0,0,0,0,0,0
M9380390,0,0,0,0,0,0,0,0,0,0,0,0,0,0,0
M9393154,0,0,0,0,0,0,0,0,0,0,0,0,0,0,0
M9398640,1,1,0,0,0,0,0,0,0,0,0,0,0,0,0
M9399756,0,0,0,0,0,0,0,0,0,0,0,0,0,1,0
M9446802,0,0,0,0,0,0,0,0,0,0,0,0,0,0,0
M9447976,0,0,0,0,0,0,0,0,0,0,0,0,1,0,0
M9448795,0,1,0,0,0,0,0,0,0,0,0,0,0,0,0
M9452106,1,0,0,0,0,0,0,0,0,0,0,0,0,0,0
M9453520,0,0,0,0,0,0,0,0,1,0,0,0,0,0,0
M9469860,1,0,0,0,0,0,0,0,0,0,0,0,0,0,0
M9473309,0,0,0,0,0,0,0,0,0,0,0,0,0,1,0
M9473942,0,1,0,1,0,0,0,0,0,0,0,0,0,0,0
M9473951,0,0,0,0,0,0,0,0,1,0,0,0,0,0,0
M9476745,1,0,0,0,0,0,0,0,0,0,0,0,0,0,0
M9478612,0,1,0,1,0,0,0,0,1,0,0,0,0,0,0
M9482827,0,0,0,0,0,0,0,0,0,0,0,0,0,0,0
M9491728,0,0,0,0,0,0,0,0,0,0,0,0,0,0,0
M9494463,0,0,0,0,0,0,0,0,0,0,0,0,0,0,0
M9498460,0,0,1,0,0,0,0,1,0,0,0,0,0,0,0
M9508156,0,0,0,0,0,1,0,0,0,0,0,0,0,0,0
M9510769,0,0,1,0,0,0,0,0,0,1,0,0,0,0,0
M9519142,0,0,1,0,0,0,0,0,0,0,1,1,0,0,0
M9519337,0,0,1,0,0,0,0,0,0,0,0,0,0,0,0
M9521990,0,0,1,0,0,0,0,0,0,0,0,0,0,0,0
M9522240,0,0,0,0,1,0,0,1,0,0,0,0,1,0,0
M9526880,0,0,0,1,0,0,0,0,0,0,0,0,0,0,0
M9528199,1,0,0,0,0,0,0,0,0,0,0,0,1,0,0
M9536255,1,0,0,0,0,0,0,0,0,0,0,0,0,0,0
M9537264,0,0,0,0,0,0,0,0,0,0,0,0,0,0,0
M9542971,1,1,0,0,0,0,0,0,0,0,0,0,0,0,0
M9545274,1,0,0,0,0,0,0,0,0,0,0,0,0,0,0
M9548216,0,0,0,0,0,0,0,0,1,0,0,0,0,0,0
M9548473,1,1,0,0,0,0,0,0,0,0,0,0,0,0,0
M9549629,0,1,0,0,0,0,0,0,0,0,0,0,0,0,0
M9553247,0,0,0,0,0,0,0,0,0,0,0,0,0,0,0
M9554210,0,0,0,0,0,0,0,0,0,0,0,0,0,0,0
M9555837,0,0,0,0,1,0,0,0,0,0,0,0,0,0,1
M9558247,0,0,0,0,0,1,0,0,0,0,0,0,0,1,0
M9558814,0,0,0,0,0,0,0,0,0,0,0,0,0,0,0
M9560686,1,0,0,0,0,0,0,0,0,0,0,0,0,0,0
M9561942,1,0,0,0,0,0,0,0,0,0,0,0,0,0,0
M9563306,0,1,0,0,0,0,0,0,0,0,0,0,0,1,0
M9568747,0,0,0,0,0,0,0,0,0,0,0,0,0,0,0
M9704991,0,1,0,0,0,1,0,0,0,0,0,0,0,0,0
